Index,Item,Price
0,,
1,,
2,,
3,,
4,,
5,,
6,,
7,,
8,,
9,,
10,,
11,,
12,,
13,,
14,,
15,,
16,,
17,,
18,,
19,,
20,Raspberry PI 4 Heatsink Set (3pcs) Black,$1.25
21,Resistor 0.25W 5% (10K),$0.01
22,Breadboard 16.5x5.5cm (830 Holes),$1.05
23,2Amp 7V-30V L298N Motor Driver / Stepper Driver (2 Channels),$1.88 $1.69
24,Microbit Quick Start Kit (with micro:bit),$27.50 $24.75
25,NodeMCU Lua V3 ESP8266 WIFI with CH340C,$4.88
26,Resistor 0.25W 5% (1K),$0.01
27,Maker UNO Edu Kit (Arduino Compatible),$13.75 $12.48
28,5V 3A Adapter micro B c/w Switch (UK Plug),$6.25
29,LED 5mm Red,$0.03
30,Raspberry Pi Zero V1.3,$5.75
31,ESP-01 WiFi Serial Transceiver Module (ESP8266),$3.38
32,5MP Camera Board for Raspberry Pi,$10.00
33,Straight Pin Header (Male) 1x40 Ways,$0.15
34,Official Casing for Raspberry Pi 2 / 3B / 3B+ (White),$7.50
35,Low Cost PIR sensor Module,$1.25
36,Raspberry Pi Zero WH (with Header),$16.10
37,Bluetooth Serial Transceiver HC-05,$3.98
38,Resistor 0.25W 5% (220R),$0.01
39,Female to Female Jumper Wire,$0.50
40,10Amp 5V-30V DC Motor Driver (2 Channels),$19.25
41,SG90 Micro Servo,$1.75
42,Maker Drive: Simplifying H-Bridge Motor Driver for Beginner,$3.73
43,Raspberry PI 3 Heatsink Set (3pcs),$2.25
44,6x6x1 Push Button 2 Pins,$0.10
45,Maker pHAT: Simplifying Raspberry Pi for {Education},$9.90
46,Raspberry Pi 4 Model B - 1GB (Discontinued),$44.75 $43.50
47,High Speed HDMI Cable 1.5m,$2.25
48,LED 5mm Green,$0.03
49,Cytron ESP8266 WiFi Shield,$12.48
50,Raspberry Pi 3 Model B,$41.25
51,Mifare RC522 RFID Kit,$2.25
52,Raspberry Pi 8MP Camera Module V2,$28.75
53,5V 2.5A Adapter micro B USB cable (UK plug),$5.00
54,Crocodile Clip with Wire (10pcs),$1.63
55,2 Channel DC 5V Relay Module,$1.48
56,Arduino Uno Rev3-Main Board,$26.25
57,LDR(Small),$0.10
58,Infrared Sensor Module,$1.25
59,Single Channel 5V Relay Breakout Board,$1.25
60,Official RPi mini HDMI adapter,$1.50
61,USB B Type Cable,$0.80
62,2WD Smart Robot Car Chassis,$5.25 $4.75
63,Temperature Sensor (Celsius),$2.00 $1.00
64,I2C 1602 Serial LCD for Arduino & RPI,$2.88
65,3V Miniature Brush Motor with wire leads,$0.38
66,Resistor 0.25W 5% (330R),$0.01
67,10Amp 5V-30V DC Motor Driver,$11.50
68,Uno Compatible (CH340) with USB Cable,$4.50
69,Straight Female Header 1x40 Ways,$0.30
70,9 Layer Case for RPi 4 with Fan (Black),$5.50
71,Raspberry Pi 4 Case with Fan (Black),$6.25
72,Adapter 12V 2A (UK Plug),$3.23
73,OLED I2C 0.96Inch 128x64 Blue Display,$6.25
74,9V Battery Connector to DC Jack Arduino,$0.23
75,Official RPi 15W (5V/3A) PSU USB C EU Plug-Black,$8.75
76,Official RPi micro USB Adapter,$1.50
77,LED 5mm Yellow,$0.03
78,StripBoard (Small) 6x14cm,$0.40
79,Micro:bit Junior Kit,$19.98 $17.25
80,Raspberry Pi 7 Inch Touch Screen Display,$73.00
81,GP 9V Supercell Battery,$0.63
82,Raspberry Pi 4 Model B - 8GB (Latest),$87.25
83,30Amp 7V-35V SmartDrive DC Motor Driver (2 Channels),$65.00
84,DC Jack(Female) to Screw Terminal Adapter,$0.50
85,Transistor 2N2222,$0.10
86,"5mm/3mm LED Kit Box, 5 Colours (125pcs)",$2.50
87,GY-521 MPU6050 6DOF Accelerometer + Gyro,$2.38
88,Raspberry Pi Zero Converter Kit,$3.75
89,Raspberry Pi Universal Power Supply 5.1V 2.5A micro B,$10.50
90,Voltage Regulator +5V,$0.25
91,32GB Micro SD Card with NOOBS for RPI,$16.25 $13.75
92,Breadboard Jumper Wire Kit (140pcs),$2.00
93,LCD (16x2) Yellow Backlight,$2.00
94,Micro-HDMI to Standard HDMI Cable,$3.75
95,Bracket for Ultrasonic HC-SR04,$0.38
96,Cytron UNO - Arduino UNO Compatible,$14.70
97,Buzzer-PCB Mount,$0.18
98,LCD (2x16) Blue Backlight,$2.00
99,3V-5V 0.2A Cooling Fan for RPi with Screws,$2.00
100,Donut Board (Small) 6x15cm,$0.40
101,13Amp 6V-30V DC Motor Driver,$9.90
102,Official Raspberry Pi Zero Case,$7.50
103,Arduino Mega 2560 R3-Main Board,$44.75
104,LCD Keypad Shield,$3.00
105,Temperature Sensor - Waterproof,$2.00
106,Bluetooth Serial Transceiver HC06,$3.98
107,9V Battery Snap,$0.10
108,IR Line Tracking Module,$1.25
109,LiPo Rechargeable Battery 3.7V 1300mAH,$4.75
110,Detachable Soldering Iron stand w/o Sponge,$2.00
111,micro:bit Board,$18.00
112,Resistor 0.25W 5% (100R),$0.01
113,RPi 4 Aluminum Heatsink Case with Dual Fan,$13.73
114,Adapter 12V 1A (UK Plug),$2.13
115,DHT22 Sensor Module Breakout,$5.50
116,DC Geared Motor Bracket (SPG30/SPG50),$3.50
117,Buzzer 6-12V c/w Wire,$0.75
118,UC00A (FTDI) USB to UART Converter,$10.25
119,DHT22 Temperature and Humidity Sensor,$5.00
120,DC Plug(Male) to Screw Terminal Adapter,$0.50
121,3Amp 4V-16V DC Motor Driver (2 Channels),$7.00
122,LED Super Bright 5mm Blue,$0.05
123,2x18650 Battery Holder,$0.68
124,LED Super Bright 5mm Red,$0.05
125,Logic Level Converter - 4 Channels Bi-directional,$1.88
126,Rocker Switch Small 2 Pins Red,$0.40
127,6x6x1 Push Button 4Pin,$0.13
128,Rain Sensor Module,$1.25
129,10Amp 7V-35V SmartDrive DC Motor Driver (2 Channels),$45.00
130,Multilayer Capacitor 0.1uF,$0.04
131,30Amp 5V-30V DC Motor Driver,$31.25
132,Diodes 1N4007,$0.05
133,Acrylic Case for RPI Zero/Zero W (Blue),$5.00
134,GP 4 x AA Supercell Battery,$0.50
135,Resistor 0.25W 5% (4K7),$0.01
136,Raspberry Pi 3 Case (Black),$3.13
137,Raspberry PI 3 Case (Black) w/ GPIO Slot,$2.50
138,Raspberry Pi 4B 4GB Desktop Kit-UK Plug,$147.50
139,USB micro-B to USB-C adapter (Black),$1.25
140,LED Super Bright 5mm White,$0.05
141,GY-NEO6MV2 Flight Control GPS Module,$11.63
142,IR Tansmitter,$0.38 $0.13
143,Resistor 0.25W 5% (100K),$0.01
144,3.5-Inch TFT Touch Screen for RPI 3B/3B+/4B,$18.00
145,Finex Solder Lead,$0.75
146,Maker Line: Simplifying Line Sensor For Beginner,$9.90
147,Raspberry PI Case with Fan (Transparent),$5.00
148,Acrylic Base Plate for Arduino Uno,$1.05
149,Potential Meter 10K,$0.30
150,3.7V 2000mAh Li-Ion Battery,$2.50
151,DIY 4 Blades 56mm Motor Propeller (Blue),$0.25
152,5V Piezo buzzer C/W wire,$0.25
153,NANO Compatible (CH340) with USB Cable,$3.75
154,Breadboard Mini(35mmx42mm) - Red,$0.45
155,Classic Retro Super Nintendo USB Gamepad,$3.75
156,Light Sensor Module,$1.25
157,Breadboard Mini(35mmx42mm) - White,$0.45
158,Moisture Sensor Module,$1.25
159,Solder Paste (Proskit),$2.48
160,Long Straight Pin Header 1x40 Way 17mm,$0.30
161,MEGA Compatible (CH340) with USB Cable,$9.75
162,LIPO Battery 7.4V 900mAH,$5.00
163,Diodes 1N4001,$0.05
164,T-Cobbler Breakout + GPIO Cable for RPI,$3.75
165,0.8Amp 5V-26V DC Motor Driver Shield for Arduino (2 Channels),$10.50
166,2-3 Cell LIPO Balance Charger,$12.25
167,Raspberry Pi NoIR Camera Board V2,$28.75
168,MG995 Metal 360 Continuous Servo,$5.13
169,NODEMCU ESP32,$9.75
170,UC00C (CH340) USB to UART Converter,$3.75
171,Dual 18650 Li-Ion Battery Charger,$4.00
172,10Amp 7V-30V DC Motor Driver Shield for Arduino,$13.00
173,Official RPi Mini HDMI to STD HDMI Cable (1m White),$5.00
174,LiPo Rechargeable Battery 3S 11.1V 30C 2200mAH,$18.75
175,Resistor 0.25W 5% (470R),$0.01
176,PC104 Header Pin (2x20),$1.25
177,LED 5mm Red Green Blue (4pin),$0.25
178,LED Super Bright 5mm Green,$0.05
179,Official RPi 15W (5V/3A) PSU USB C EU Plug-White,$8.75
180,LED 3mm Green,$0.03
181,IR Receiver,$0.20 $0.13
182,5V 28BYJ-48 Stepper Motor + ULN2003 Driver Board,$2.00
183,Breadboard Mini(35mmx42mm) - Black,$0.45
184,Grove - Starter Kit for Arduino,$52.25
185,Trust Me I'm A Maker Vacuum Flask,$6.25
186,Victor 830L Multimeter,$8.00
187,Terminal Pin For 2510,$0.03
188,USB MiniB Cable (2.0),$0.88
189,13A Plug Top,$0.63
190,NEMA 17HS4401 Bipolar Stepper Motor,$9.75
191,Donut Board (Big) 10x24cm,$1.13
192,Official Raspberry Pi Keyboard (US),$17.50
193,Right Angle Pin Header (Male) 1x40 Ways,$0.20
194,Sumo Robot Controller R1.1,$33.75
195,USB ICSP PIC Programmer,$13.50
196,TT Motor + Wheel Kit,$1.63
197,4xAA Battery Holder,$0.50
198,RFID Card,$0.38
199,Microwave Radar - Human motion Sensor,$1.25
200,3 pins Toggle Switch,$0.58
201,Hakko 22W Soldering Iron (Hakko Red),$5.25
202,RF Transceiver 2.4G (nRF24L01+),$1.25
203,Mini HDMI to HDMI Cable,$2.50
204,Electrolytic Capacitor 16V 10uF,$0.05
205,Cytron LoRa-RFM Shield,$24.75
206,M3 PCB Stand (screw & nut)10mm,$0.18
207,Terminal Block DG128V-02 (Green),$0.18
208,37 in 1 Sensors Kit for Arduino,$16.25
209,Slide Switch SSD2D10,$0.30
210,Adjustable 60W Soldering Iron (EU Plug),$7.25
211,Metal Key Hub - 6mm,$5.25
212,Raspberry Pi 4 ABS Case (Black),$3.13
213,Resistor 0.25W 5% (2K2),$0.01
214,Premium Case for RPI 7 Inch Touch Screen,$22.50
215,Finger Adjust Preset 10K,$0.45
216,1x18650 Battery Holder,$0.45
217,Auto-Calibrating Line Sensor,$13.75
218,Official RPi HDMI to HDMI Cable (1m White),$5.00
219,20Amp 6V-30V DC Motor Driver,$17.25
220,Voltage Regulator +3.3V,$0.50
221,LED 3mm Red,$0.03
222,1A LIPO Charger Module with Protection,$1.25
223,MG90S Metal Gear Micro Servo,$3.50
224,Cytron Screw Terminal Shield,$7.50
225,M3 PCB Stand (screw & nut)30mm,$0.33
226,M3 Nut,$0.01
227,Official Raspberry Pi Mouse,$8.25
228,LED 5mm RGB Diffused (4pin) C. Cathode,$0.25
229,PL2303HX USB to TTL Serial Cable,$1.88
230,Wireless USB Keyboard With Touch Pad,$11.25
231,Solder Lead 0.8mm (250gm),$8.50
232,LM2596 3A Step-Down Converter,$0.93
233,Mini Slide Switch(PCB),$0.20
234,MG946R Metal Gear Servo,$7.25
235,Pro'skit Digital Multimeter,$13.75
236,Adjustable 5A DC-DC Power Module,$7.50
237,2 x AA Battery Holder for micro:bit- 2xAA with On/Off Switch,$0.75
238,9V Battery Holder,$0.50
239,9V Battery Holder,$0.50
240,Flame Sensor Module,$1.25
241,10 Amp 7V-30V Potentiometer & Switch Control DC Motor Driver,$9.90
242,MCP3008 - Analogue to Digital Converter,$2.63
243,Plastic Wheel for SPG30/SPG50 (80mm),$1.25
244,WiFi UNO Based ESP8266,$6.25
245,Arduino Female Header 1x10 Ways,$0.38
246,Resistor 0.25W 5% (2K),$0.01
247,Pro'skit Desoldering Pump,$3.75
248,GP 4 x AAA Supercell Battery,$0.50
249,Multicore Wire AWG14 Black (meter),$0.88
250,Arduino Female Header 1x6 Ways,$0.25
251,Copper Stand Set (M2.5x11) for RPI,$1.13
252,Hex Brass Mini Wheel Coupling (6mm),$1.25
253,Cytron Prototyping Shield,$3.50
254,Multicore Wire AWG14 Red (meter),$0.88
255,micro:bit Go Bundle,$21.25
256,Transistor BC547,$0.10
257,60Amp 7V-45V SmartDrive DC Motor Driver (2 Channels),$150.00
258,Starter Kit for Arduino UNO,$37.25
259,Starter Kit for Arduino UNO,$37.25
260,3D Printer 1.75mm PLA Filament (Black),$17.25 $15.98
261,3x18650 Battery Holder,$0.90
262,Pro'skit Solder Wick,$1.00
263,Adapter 5V 2A (UK Plug),$2.75
264,4 In 1 MAX7219 Dot Matrix Display Module,$6.25
265,DC-DC Mobile Charger 5V3A (Input 6-24V),$2.00
266,IC ATMEGA328P (With Arduinio bootloader),$3.75
267,Raspberry Pi 3.5 Inches Display Case,$3.13
268,Copper Heatsink for Raspberry Pi,$1.25
269,Breadboard Mini(35mmx42mm) - Blue,$0.45
270,Single Core Cable (Roll) Black,$6.25
271,LED Super Bright 3mm Blue,$0.05
272,Base Board for NodeMCU V3,$2.48
273,LiPo Power Shield,$13.75
274,Raspberry Pi Zero V1.3 Camera Cable,$2.88
275,Mini Microphone Module,$1.25
276,12mm Momentary Push Button - Red,$0.63
277,4x4 Matrix Membrane Keypad,$1.00
278,Pro'skit Helping Hands,$6.25
279,Pro'skit Helping Hands,$6.25
280,Power over Ethernet (PoE) HAT for Raspberry Pi,$24.75
281,GP CR2032 Coin Cell Battery,$0.50
282,4 CH Active H/L 5V Relay Module,$4.13
283,Aluminum 2WD TT Robot/Motor Chassis - Purple,$12.48
284,Power Window Motor with Coupling (Left),$20.50
285,Speaker 8R 1W,$0.50
286,Adjustable Infrared Sensor Switch,$4.50
287,Ready Stock: Creality Ender3 3D Printer DIY Kit (Unassembled),$236.75 $224.91
288,Ethernet Shield V2.0,$7.00
289,12V/7.0Ah Lead Acid,$14.75
290,MCP9700 Linear Temperature Sensor,$0.45
291,"Raspberry Pi Micro-HDMI to Standard HDMI, 1m Black",$7.50
292,Straight Pin Header (Male) 2x20 Ways,$0.15
293,L293D Motor Drive Shield for Arduino,$3.13
294,Maker UNO Learning Box - Everything You Need To Start Making,$14.98
295,Soldering Iron Kit with Digital Multimeter (UK Plug),$24.75
296,Power Window Motor with Coupling (Right),$20.50
297,Infrared Transmitter LED 3mm,$0.20
298,Classroom Good micro:bit Guide,$11.25
299,Classroom Good micro:bit Guide,$11.25
300,Dean T LiPo Battery Wire Extension 15cm - Male,$1.00
301,Micro 360 Degree Continuous Rotation Servo,$4.00
302,Single Core Cable (Roll) Red,$6.25
303,Waterproof Ultrasonic Module,$11.25
304,Terminal Block KAR301-2 Way,$0.18
305,Vibration Sensor Module (Normally Off),$1.25
306,Bolt M3x10mm,$0.01
307,Small Robot Rubber Wheel (65x26.5mm),$2.50
308,Temperature Sensor Module,$1.25
309,Mini Disc Vibrating Motor 1027,$1.13
310,2xAAA Battery Holder with On/Off Switch,$0.75
311,USB C to Type A Cable (1 Meter),$2.00
312,BreadBoard Power Stick 5V 3V3,$4.50
313,Mifare Card,$1.25
314,Grove 4 Pin Buckled to Female Cable,$0.38
315,5 Inches TFT Touch Screen For RPI3 and RPI4B,$45.00
316,12mm Momentary Push Button - Green,$0.63
317,Arduino Nano Main Board,$23.75
318,Arduino Female Header 1x8 Ways,$0.30
319,4xAA Battery Holder C/W Cover,$0.75
320,12mm Momentary Push Button - Green,$0.63
321,IC Socket-40 pin,$0.18
322,12V 380RPM 1.4kgfcm High Power Brushed DC Geared Motor,$13.75
323,LED 3mm Yellow,$0.03
324,Piezo Transducer,$0.63
325,Colour Sensor Module,$6.25
326,Maker Uno Bluetooth Robot Kit,$22.25
327,IR Receiver Diode VS1838B - 38KHZ,$0.38
328,Acrylic Sheet (A4) 3mm,$2.50
329,Multi-Function LIPO Balance Charger,$30.00
330,6V 440RPM DC Micro Metal Gearmotor,$4.63
331,2xAA Battery Holder,$0.25
332,IC PIC16F877A,$4.25
333,433MHz RF (UART) Transceiver Module-1km,$7.25
334,3V-5.5V Ultrasonic Ranging Module,$1.50
335,3D Printer 1.75mm PLA Filament (Silver),$17.25 $13.73
336,Diodes 1N4148,$0.05
337,SmartiPi Touch 2 for Raspberry Pi Display,$30.00
338,Pro'skit Convertible Soldering Iron/Gun,$5.88
339,LED 5mm Red Green Blue (Flashing),$0.08
340,Maker UNO Plus: Simplifying Arduino for {Education},$15.00
341,5 Inches Robot Wheel Without Key Hub,$12.50
342,Multilayer Capacitor 1uF,$0.04
343,N2 Plus Universal Charger,$7.50
344,3D Printer 1.75mm PLA Filament (White),$17.25 $13.73
345,RPI Zero W USB-A Addon Board V1.1,$3.75
346,Cytron UNO Special - Arduino Compatible,$15.00
347,Raspberry Pi 3 Model A+,$31.25
348,Analog Micro Servo 9g (3V-6V),$3.00
349,IC LM555,$0.25
350,IC Socket-8 pin,$0.05
351,40Amp 10V-45V SmartDrive DC Motor Driver,$62.50
352,TTL UART to RS232 Converter,$5.25
353,Terminal Pin For 2020,$0.03
354,W420 Steel Ball Universal Wheel (Castor),$0.75
355,2510 PCB Connector Housing 2 Ways,$0.02
356,Cytron ARM Cortex M0,$17.50
357,ESP32-CAM Wireless IoT Vision Development Board,$9.95
358,Resistor 0.25W 5% (1M),$0.01
359,Cytron Easy MP3 Shield,$16.25
360,4G / 3G / 2G / GSM / GPRS / GNSS HAT for Raspberry Pi,$75.00
361,Motor Mount & 5 Inches Wheel Kit,$62.50
362,Raspberry Pi Official Beginners Guide E2,$15.00
363,Straight Female Header 1x10 Ways,$0.13
364,Encoder Sensor Module,$1.25
365,Crystal H49S (Low Profile) 16MHz,$0.50
366,Songle SPDT Relay SRD 05V,$0.50
367,2510 PCB Connector Housing 4 Ways,$0.03
368,9 Layer Case for RPi 3 with Fan (Black),$5.00
369,Soldering Tip Cleaner,$6.00
370,MQ2 Smoke LPG CO Sensor Module,$1.88
371,3-5V 22x4.5 Piezo Buzzer with Wires,$0.25
372,M3 PCB Stand (screw & nut)20mm,$0.28
373,7 Segment Display 0.5inch Common Cathode,$0.38
374,3D Printer 1.75mm PLA Filament (Cyan),$17.25 $15.98
375,Panasonic NCR18650B 3400mAh 3.7V Li-ion,$7.50
376,Force Sensitive Resistor 0.5 Inches,$7.50
377,R385 DC12V Diaphragm Water Pump,$3.00
378,USB micro-B to USB-C adapter (White),$1.25
379,6V 320RPM High Power DC Micro Metal Gearmotor,$10.00
380,Breadboard Power Module MD-102,$0.88
381,Resistor 0.25W 5% (10R),$0.01
382,Cytron PS2 Shield,$15.50
383,Crystal H49S (Low Profile) 20MHz,$0.50
384,DC 12V Worm Gear Motor (200RPM),$10.00
385,Pixy 2 CMUcam5 Image Sensor,$74.75
386,2x16 LCD with I2C Module(Yellow Green),$2.63
387,IR Sensor Set With Socket,$0.88
388,Micro Switch (Small w/o roller),$0.25
389,Planetary Motor Bracket (IG42E/IG45),$6.00
390,Electrolytic Capacitor 25V 100uF,$0.08
391,Buzzer(Passive) With Jumper Housing,$0.23
392,2600 PCB Connector Header(S) 2 Ways,$0.03
393,2510 PCB Connector Housing 3 Ways,$0.02
394,10Amp 7V-30V DC Motor Driver Shield for Arduino (2 Channels),$20.50
395,WiFi UNO Based ESP32,$12.25
396,IC Socket-16 pin,$0.09
397,M3 PCB Stand (screw & nut)40mm,$0.38
398,Grove - Water Sensor,$3.25
399,Sense HAT for Raspberry Pi,$42.50
400,Biomedical Sensor Pad (10 pack),$9.63
401,NVIDIA Jetson Nano Developer Kit,$137.50
402,Push Button Panel Mount 12MM with Wire (20cm),$0.70
403,Multilayer Capacitor 22pF,$0.04
404,12mm x 12mm x 1mm Push Button 4 Pins,$0.25
405,Wireless PS2 Controller (Compatible),$9.75
406,HL2527 DC Plug (2.1mm) (Black),$0.25
407,Grove - Temperature & Humidity Sensor (DHT11),$6.25
408,Raspberry Pi 4 Model B 2GB Beginner Kit,$87.25
409,3D Printer 1.75mm PLA Filament (Blue),$17.25 $13.73
410,Straight Turn Pin 16 Ways,$0.40 $0.20
411,32 in 1 Precision Screwdriver Set,$4.75
412,Flexible Bend Sensor 2.2 Inches,$10.50
413,Micro USB to USB A OTG Cable,$2.00
414,3D Printer 1.75mm PLA Filament (Translucent),$17.25 $14.75
415,Hall Sensor Module,$1.25
416,JSumo Silicone Wheel Set (33mm x 20mm),$19.00
417,Voltage Regulator +12V,$0.25
418,6V 85RPM DC Micro Metal Gearmotor,$4.63
419,JSumo Silicone Wheel Set (33mm x 20mm),$19.00
420,3V - 6V Dual Axis TT Gear Motor,$1.00
421,3-Axis Digital Compass Breakout Board,$5.00
422,TT Motor - Dual Metal Shaft,$2.50
423,Infrared IR Wireless Remote Control Kits,$1.25
424,MQ135 Air Quality Sensor Module,$2.10
425,XL4005 SMPS Adjustable 5A Buck Converter,$1.48
426,M3 PCB Stand (screw & nut)15mm,$0.23
427,LIPO Battery 11.1V 1300mAH,$12.50
428,3D Printer 1.75mm PLA Filament (Gold),$17.25 $13.73
429,QTR-1A Reflectance Sensor (2-Pack),$4.63
430,Enclosure for Arduino UNO - Transparent,$1.23
431,Transistor 2N3904,$0.15
432,3D Printer 1.75mm PLA Filament (Yellow),$17.25 $15.98
433,PCB Stand (screw & screw)10mm,$0.15
434,Electrolytic Capacitor 16V 100uF,$0.06
435,A4988 Stepper Motor Driver Module,$1.50
436,3D Printer 1.75mm PLA Filament (Red),$17.25 $13.73
437,14500 Li-Ion Battery 3.7V 600mAh,$2.00
438,JSumo Silicone Wheel Set (52mm x 30mm),$52.50
439,LED Ultra Bright 5mm White,$0.10
440,Wemos D1 Mini ESP8266 Dev Board,$4.85
441,Terminal Pin For 2561,$0.03
442,Straight Female Header 1x5 Ways,$0.08
443,Electrolytic Capacitor 50V 1uF,$0.05
444,JSumo Silicone Wheel Set (52mm x 30mm),$52.50
445,I2C Module for Character LCD,$1.13
446,Resistor 0.25W 5% (47K),$0.01
447,Raspberry Pi Zero W Complete Starter Kit,$42.50
448,Digital Infrared Sensor,$4.50
449,0.8Amp 2.5V-12V L9110S DC Motor Driver (2 Channels),$1.25
450,Pro'skit 4 in 1 Screw Driver Set,$1.88
451,2.1mm DC Plug Extension Cable,$1.00
452,micro:servo 180 Degrees Analog Servo for micro:bit,$5.00
453,RFID Key Chain Tag,$0.38
454,micro:bit Battery Holder - 2xAA (JST-PH),$0.63
455,Raspberry Pi 4 Model B 4GB Basic Kit-UK Plug,$102.25 $99.75
456,Opener,$1.50 $0.23
457,2 Axis Analog and Button PS2 Joystick Module,$1.23
458,Advanced Auto-Calibrating Line Sensor,$48.75
459,Maker Reflect: Simplifying IR Reflectance Sensor for Beginner,$1.88
460,40p GPIO cable for Raspberry Pi,$1.13
461,PikaBot - Maker UNO Smart Car Kit,$27.50 $24.75
462,Lithium Polymer Battery Connector (Red),$0.75
463,Breadboard Mini(35mmx42mm) - Yellow,$0.45
464,DS1307 RTC I2C Module,$0.88
465,5V 3A Adapter USB Type C Cable (UK plug),$6.25
466,Maker UNO X: Simplifying Arduino for Classrooms,$9.75
467,Straight Female Header 2x20 Ways,$0.30
468,Water Float or Level Sensor Switch,$2.05
469,HDMI to VGA Adapter with Audio & Power,$13.75
470,2x18650 Battery Holder with DC Jack,$0.93
471,PhilipsTest Pen,$0.88
472,Straight Pin Header (Male) 2x40 Ways,$0.30
473,Grove - Moisture Sensor,$3.25
474,ESP01 USB Programmer Adapter,$5.50
475,DS3231 RTC Module for Raspberry Pi,$1.70
476,HC-SR505 Mini PIR Motion Sensor Module,$2.08
477,IC Socket-28 pin(slim),$0.14
478,4 CH 16-bit ADS1115 ADC Module,$3.70
479,IC LM741,$0.25
480,Node32 Lite Wifi & Bluetooth Development Kit,$11.23
481,Cytron XBee Shield,$8.75
482,7 Inch RPI Display with Case & Stand,$47.50
483,Terminal Breakout Board for Arduino NANO,$2.23
484,Mini Jumper,$0.05
485,Infrared Receiver LED 3mm,$0.20
486,Micro Submersible Water Pump DC 3V-5V,$1.40
487,"6mm Laser LED 650nm, 3V 5mW",$0.63
488,12mm Momentary Push Button - Blue,$0.63
489,LED Super Bright 5mm Yellow,$0.05
490,4x20 Character LCD with I2C Module (Blue),$6.50
491,Bolt M3x6mm,$0.01
492,RCSwitch10 - RC controlled Relay Switch,$9.75
493,Straight Female Header 1x8 Ways,$0.10
494,3-Axis Accelerometer,$9.25
495,XL6009 4A Boost Converter With Display,$3.88
496,Breadboard Mini(35mmx42mm) - Green,$0.45
497,Shield Data logger with DS1307 RTC,$3.20
498,PU 6mm Polyurethane Pneumatic Tube (meter),$0.33
499,PU 6mm Polyurethane Pneumatic Tube (meter),$0.33
500,ACS712 5A Current Sensor Module,$2.38
501,XT60 LiPo Connector,$1.00
502,NodeMCU V2 Doit ESP12E (Narrow),$4.85
503,2600 PCB Connector Header(S) 3 Ways,$0.05
504,RS485 CAN HAT for Raspberry Pi,$13.75
505,Starter Kit for Cytron Uno,$26.25
506,Songle SPDT Relay SRD 12V,$0.50
507,3D Printer 1.75mm PLA Filament (Orange),$17.25 $15.98
508,LED Super Bright 3mm White,$0.05
509,Traffic Light LED Module,$0.98
510,Resistor 0.25W 5% (5K),$0.01
511,10Amp 6V-24V DC Motor Driver HAT for RPI (2 Channels),$21.25
512,Resistor 0.25W 5% (150K),$0.01
513,500 1/4W Resistor Kit 1 - 10MOhm (50 resistances),$7.48
514,3D Printer 1.75mm PLA Filament (Light Blue),$17.25 $13.73
515,Multilayer Capacitor 0.01uF,$0.04
516,3D Printer 1.75mm PLA Filament (Purple),$17.25 $15.98
517,Cytron Bluetooth Module,$17.00 $2.48
518,Micro HDMI to VGA Adapter,$6.25
519,Micro HDMI to VGA Adapter,$6.25
520,Cube Servo,$26.25
521,12V Solenoid Valve - 3/4 Inches,$13.00
522,Finex Flux Cored Solder Wire 0.6mm (250g),$8.75
523,Cell Battery Holder,$0.50
524,Mini USB Microphone,$3.73
525,Electrolytic Capacitor 25V 10uF,$0.06
526,2020 PCB Connector Housing 2 Ways,$0.02
527,5V 3A Adapter USB Type C Cable (EU plug),$6.25
528,Pro'skit Desoldering Pump,$5.88
529,Ikedo Mini Sumo Robot Starter Kit,$74.75
530,Dean T LiPo Battery Wire Extension 20cm with Pin Type Cable Lug,$1.38
531,OV7670 VGA Camera Module,$6.48
532,High Precision Ultrasonic Range Finder US-015,$2.18
533,M3 PCB Stand (screw & screw)8mm,$0.13
534,Grove Base Kit for Raspberry Pi,$42.25
535,micro: Maqueen micro:bit Educational Programming Robot Platform,$35.00
536,Single Core Cable (Roll) Blue,$6.25
537,MC-38 Magnetic Contact Switch Sensor,$1.13
538,Wrapping Wire AWG30 1Roll (Red),$4.50
539,MC-38 Magnetic Contact Switch Sensor,$1.13
540,Power Window Motor (Wira) - Right,$8.50
541,Electrolytic Capacitor 50V 0.1uF,$0.05
542,2600 PCB Connector Header(S) 4 Ways,$0.06
543,5kg Load Cell with HX711 Amplifier,$3.98
544,Resistor 0.25W 5% (150R),$0.01
545,M3 PCB Stand (screw & screw)30mm,$0.28
546,USB microSD Card Reader and Writer,$1.75
547,Grove - Sound Sensor,$5.25
548,1kg Load Cell with HX711 Amplifier,$3.73
549,12V 1100RPM 0.5kgfcm High Power Brushed DC Geared Motor,$13.75
550,Breakoutboard for SPG10,$1.50
551,ICE Tower CPU Cooling Fan for RPI4 with Case,$23.75
552,Transistor BC548,$0.10
553,Solder Lead 1.0mm (250gm),$8.50
554,Electrolytic Capacitor 16V 1000uF,$0.18
555,Grove - Temperature Sensor,$3.25
556,12VDC Solenoid Door Lock,$4.73
557,Adapter 5V 4A R/Angle DC Jack 2.1mm - UK Plug,$7.25
558,Bolt M3x14mm,$0.03
559,XBee Starter Kit without module,$17.25
560,Metal Key Hub - 8mm,$8.75
561,Tilt Sensor Module,$1.25
562,Plastic Box (120x80x40mm) Grey,$2.25
563,LiPo Rechargeable Battery 11.1V 5200mAH,$45.00
564,Honeywell PM2.5 Particle Sensor Module,$52.25
565,Fanless Armor Case for Raspberry Pi 4B - Blue,$12.25
566,12V 24RPM 15kgfcm Brushed DC Geared Motor,$13.75
567,Finex Flux Cored Solder Wire 0.8mm (250g),$8.75
568,50A Current Sensor,$12.50
569,Analog Distance Sensor (10-80cm),$7.25
570,M3 PCB Stand (screw & screw)20mm,$0.23
571,Magnetic Detachable Micro USB Cable V2,$6.25
572,ESP01 3V3 5V Serial Adapter,$1.43
573,2.1mm DC Plug with Cable,$0.63
574,UNO R3 Compatible (CH340) Beginner Kit,$22.23
575,LED 5mm Red Green Blue Diffused (4pin),$0.25
576,LED Super Bright 3mm Red,$0.05
577,Mini Wheel 46x10 mm,$0.75
578,IO Expansion Shield for Arduino Nano,$2.48
579,Omron Limit Switch,$0.88
580,Transistor IRFZ44N,$1.25
581,Raspberry Pi 235mm micro HDMI to Standard HDMI adapter,$5.25
582,2xAA Battery Holder C/W Cover,$0.50
583,RC Servo Motor (Plastic Gear),$8.75
584,Multicore Wire 18AWG Black (meter),$0.50
585,Multicore Wire 18AWG Red (meter),$0.50
586,7 Sizes Colorful Shrinking Tube Kit - 140,$4.00
587,Nylon PCB Standoff Kit - 70pcs,$6.25
588,Finger Adjust Preset 5K,$0.45
589,Gravity-Analog Turbidity Sensor For Arduino,$12.98
590,USB Volt & Current Meter with Display (R.Angle),$1.58
591,Grove - Ultrasonic Ranger,$4.13
592,Maker UNO X Learning Box - Everything You Need To Start Making,$16.48
593,TTP223 Capacitive Touch Sensor Module,$0.63
594,12V 75RPM 3kgfcm Brushed DC Geared Motor,$11.25
595,4 Port USB HUB HAT for RPI Zero V1.3,$8.75
596,Gravity: Non-contact Water level Sensor,$12.13
597,1.44inch LCD display (128x128) HAT for Raspberry Pi,$12.50
598,12mm Momentary Push Button - Yellow,$0.63
599,Gravity: Non-contact Water level Sensor,$12.13
600,1.44inch LCD display (128x128) HAT for Raspberry Pi,$12.50
601,12V/1.2Ah Lead Acid,$13.25
602,Internet Network CAT 5E LAN cable - 1.8m,$1.25
603,Breakout USB A Type Male,$1.50
604,2021 PCB Connector Header (S) 2 Ways,$0.03
605,Single Core Cable (Roll) Yellow,$6.25
606,PCB UV Board PP1015 (Kinsten),$3.50
607,USB A to Micro USB with On/Off Switch,$2.50
608,USB Host Shield,$11.25
609,TT DC Gear Motor Bracket,$1.25
610,DIY Wooden Remote Car (w Batteries),$4.25
611,5V Compatible Micro SD Card Adapter,$1.23
612,Line Following Mobile Robot Kit,$23.00
613,NESPI Case NES Style for Raspberry Pi 3,$22.00
614,1CH Active H/L 5V OptoCoupler Relay Module,$1.40
615,3D Printer 1.75mm PLA Filament (Bright Green),$17.25 $13.73
616,Hex Brass Mini Wheel Coupling (8mm),$1.25
617,Microbit GPIO Expansion Board,$6.63
618,64GB Micro SD Card with NOOBS for RPI,$24.50 $19.60
619,Aluminum RPi4 Case with FAN and Bracket - Black,$14.75
620,Base Shield V2,$10.75
621,Pro'skit Automatic Wire Stripping Tool,$8.63
622,TTGO T-Call ESP32 with SIM800L GPRS Module-Presolder Header,$24.98
623,Raspberry Pi 4B 3.5-Inch Touch Screen Case,$3.48
624,Pololu Micro Gearmotor Bracket (1 Pair),$6.88
625,Pulse Sensor,$39.75
626,IC LM317,$0.63
627,64GB Micro SD Card with NOOBS for RPI,$24.50 $19.60
628,Resistor 0.25W 5% (20K),$0.01
629,Grove - 3-Axis Digital Accelerometer (±1.5g),$10.50
630,Grove - Mini PIR Motion Sensor,$5.25
631,Resistor 0.25W 5% (22K),$0.01
632,Mini wheel 42x19 mm (1 Pair),$2.00
633,Potential Meter 100K,$0.30
634,KW11 Micro Switch(C/W plastic roller),$0.65
635,Grove 4 Pin Buckled 20cm Cable,$0.33
636,USB Connector A Type Female,$0.25
637,LED Super Bright 3mm Yellow,$0.05
638,Male to Female Extension Cable (L),$1.25 $0.23
639,Male to Female Extension Cable (L),$1.25 $0.23
640,4 Wheels Robot Base with 2 Transparent Acrylic,$9.98
641,9V Battery Holder With Switch+Cover+DC Jack,$0.98
642,"Non-Contact Voltage Detector, 90-1000VAC",$2.50
643,RPi 3 Aluminum Heatsink Case with Dual Fan,$17.50
644,8 CH Active H/L 5V Relay Module,$6.50
645,Zener Diodes 1/2W 5V1,$0.08
646,Terminal Block KAR301-3 Way,$0.25
647,Electrolytic Capacitor 16V 470UF,$0.11
648,Arduino Pro Mini 328 - 5V/16MHz,$12.25
649,Breakout for NRF24L01 with Socket,$1.13
650,RPI Acrylic Experiment Base Plate,$2.48
651,Prototyping Shield,$2.25
652,Multicore Wire 8AWG Black (meter),$2.88
653,Standard 15kg.cm Metal Gears Analog Servo,$12.50
654,3D Printer 1.75mm PLA Filament (Brown),$17.25 $15.98
655,IC 74HC595N,$0.30
656,Magnet Ring OD10mm x H3mm,$0.30
657,Finger Adjust Preset 1K,$0.45
658,PKCELL Heavy Duty 9V Battery,$0.38
659,12V 3D Pen V2 with PLA Filament & Adapter - Blue,$13.73 $12.48
660,Resistor 0.25W 5% (120R),$0.01
661,Banana Plug to Crocodile Clip 1m (Pair),$1.50
662,9V Battery Holder Cover with switch,$0.63
663,12V 125RPM 0.5kgfcm Brushed DC Geared Motor,$10.50
664,8 Channel Servo Controller,$15.50
665,IC L293D,$2.75
666,"Li-ion Battery HAT for Raspberry Pi, 5V Output, Quick Charge",$20.00
667,Grove - Light Sensor v1.2,$3.25
668,Sharp Analog Distance Sensor (4-30cm),$9.00
669,USB to ESP01(ESP8266) Serial Adapter Board,$1.48
670,3D Printer 1.75mm PLA Filament(Fluorescent Red),$17.25 $15.98
671,125KHz USB RFID Smart Card Reader EM4100,$5.23
672,LED Super Bright 3mm Green,$0.05
673,RPi 4B 8G Basic Kit 3-UK Plug(w RPI4B8G),$146.00
674,Raspberry Pi Media Kit,$64.75
675,2561 3way connector extension wire,$0.38
676,25Amp 7V-58V High Voltage DC Motor Driver,$49.00
677,24V 395RPM 112kgfcm Electric Scooter Motor With Gear,$72.50
678,Cytron G15 Shield,$7.50
679,Gravity: Water / Liquid Level Sensor,$10.50
680,CNC Shield V3 for Arduino,$2.50
681,Air Fly Mouse with Mini Keyboard (2.4G),$12.25
682,25Amp 7V-58V High Voltage DC Motor Driver,$49.00
683,24V 395RPM 112kgfcm Electric Scooter Motor With Gear,$72.50
684,Cytron G15 Shield,$7.50
685,Mini Wheel 34x7mm For N20 Gear Motor,$1.25
686,Gigabit Ethernet Cable 2 meters,$2.23
687,Fanless Armor Case for Raspberry Pi 4B - Gold,$12.25
688,HL8211 Push To On Button (Red),$0.75
689,650nm Laser 5V 5mW Module,$0.73
690,Grove - 4-Digit Display,$6.25
691,Power Window Motor (Wira) - Left,$8.50
692,RPI GPIO Expansion Extension Board,$5.25
693,Vibrate / Tilt Switch Sensor,$0.38
694,3D Printer 1.75mm PLA Filament (Pink),$17.25 $13.73
695,Breakout Board ATX Right Angle,$6.50 $2.48
696,ZIF Socket-40 pin,$3.25 $0.50
697,Gravity: Analog Soil Moisture Sensor,$5.00
698,Multicore Wire 8AWG Red (meter),$2.88
699,RCW-0001 Micro Ultrasonic Range,$3.75
700,Obstacle Avoidance Mobile Robot Kit,$21.25
701,Ikedo Mini Sumo Robot Pro Kit,$149.75
702,RC Servo Motor (Metal Gear),$20.00
703,LED 5mm Blue,$0.03
704,Potential Meter 1K,$0.30
705,Sensor Cable - Electrode Pads (3 Connec),$7.50
706,6xAA Battery Holder (Compact),$0.75
707,2600 PCB Connector Header (R/A) 4 Ways,$0.08
708,DC-DC 5A Step Up Power Module (4-30V),$7.50
709,2561 PCB Connector Housing 4 Ways,$0.03
710,Rocker Switch Big 4 Pins Red,$0.88
711,Multilayer Capacitor 100pF,$0.04
712,ElecFreaks micro:bit Smart Home Kit (without micro:bit),$55.00
713,micro:bit Acrylic Enclosure (Transparent),$1.50
714,Bolt M4x10mm,$0.03
715,Single Core Cable (Roll) Green,$6.25
716,Pro'skit Crimping Tool,$5.70
717,Enclosure for Arduino UNO - Black,$1.13
718,Hakko 609-029 Sponge,$1.25
719,IC Socket-14 pin,$0.08
720,DIY Bionic Worm Crawling Robot (with Batteries),$2.48
721,6V 45RPM DC Micro Metal Gearmotor,$4.63
722,3xAA Battery Holder,$0.38
723,Preset 10K,$0.13
724,Pro'skit Crimping Tool,$5.70
725,Enclosure for Arduino UNO - Black,$1.13
726,Hakko 609-029 Sponge,$1.25
727,Water Solenoid Valve 12V DC G1/2 NC,$6.23
728,mBot N20 Vacuum Steel Ball Universal Wheel (Castor),$0.75
729,Tiny:bit smart robot car for micro:bit (without micro:bit),$32.50
730,Raspberry Pi 15-pin Camera FFC Cable - 1 meter,$2.73
731,Keypad 4x4,$6.25
732,Thermocouple Amplifier MAX6675,$11.25 $2.25
733,Voltage Regulator +6V,$0.25
734,M3 PCB Stand (screw & screw)15mm,$0.20
735,RGB Color Sensor with IR filter,$10.50
736,M3 PCB Stand (screw & screw)40mm,$0.35
737,RF 4CH Remote Control Kit (Momentory),$7.00
738,Grove - Touch Sensor,$4.13
739,24V 2600RPM 12.24kgfcm Electric Scooter Motor,$37.50
740,5MP Night Vision Camera for Raspberry Pi,$49.75
741,7 Segment Display 0.5inch Common Anode,$0.38
742,2-Pin KCD1-101 Rocker Switch 6A/250V Red,$0.38
743,TFMini - Micro LiDAR Module (12m),$44.75
744,4 Channels Solid State Relay Module(Low Trigger),$6.98
745,12V 200RPM 2kgfcm Brushed DC Geared Motor,$13.75
746,Pro'skit Wire Stripper Cutter,$4.50
747,IC PIC18F4580,$7.50
748,Voltage Regulator +6V,$0.25
749,3D Printer 0.4mm Extruder Flat Nozzle (1.75mm Input),$1.08
750,Official Raspberry Pi High Quality Camera Module,$59.75
751,3D Printer 1.75mm PLA Filament (Green),$17.25 $13.73
752,USB Volt & Current Meter with Display (Straight),$1.85
753,"Raspberry Pi Micro-HDMI to Standard HDMI, 2m Black",$11.25
754,IC Hook with Tail (6 colors),$3.25
755,100W Adjustable DC Boost Converter with Display,$6.98
756,Condenser Mic,$0.63
757,2561 PCB Connector Housing 3 Ways,$0.02
758,Hakko Dual Wattage Soldering Iron,$22.00
759,Acrylic Sheet (A4) 5mm,$3.75
760,4 x 7 Segment Display 0.5inch C/Anode,$1.88
761,Official Casing for Raspberry Pi 2/3/B+ (Black/Grey),$7.50
762,LED Super Bright 5mm Blue (Diffused),$0.06
763,RPi Relay Board,$20.00
764,Durable Silicone Tube 7*10mm (1 Meter),$1.13
765,Non-Invasive Current Sensor - 30A,$13.75
766,10kg Load Cell with HX711 Amplifier,$4.23
767,Grove - Speaker,$7.25
768,RPI Multifunctional GPIO Expansion Board,$7.50
769,22AWG Hook up Wire Kit,$9.75
770,Diodes 1N5822,$0.38
771,Silicon Case for BBC micro:bit (Blue),$5.00
772,Thermoelectric Power Generator Peltier 40x40,$3.48
773,ESP01 Humidity and Temperature Module,$2.30
774,Resistor 0.25W 5% (3K3),$0.01
775,Resistor 0.25W 5% (560R),$0.01
776,3D Printer 1.75mm PLA Filament(Fluorescent Green),$17.25 $15.98
777,Pro'skit 7mm Hot Glue Stick (10pcs),$0.88
778,Electrolytic Capacitor 63V 100uF,$0.16 $0.02
779,4.8 - 30V 3-Digit 7-Seg Voltmeter Display,$1.38
780,Breakout Board Micro SD,$2.25
781,"Servo Driver HAT for Raspberry Pi, 16-Channel, 12-bit, I2C",$12.50
782,Transistor BC557,$0.13
783,12V 16RPM 14kgfcm Brushed DC Geared Motor,$11.25
784,160Amp 8V-28V SmartDrive DC Motor Driver,$195.00
785,UPS Power HAT for Raspberry Pi Zero,$22.25
786,Grove - Line Finder v1.1,$4.13
787,Kittenbot IOBIT V2.0,$8.00
788,3 Colors 1.75mm PLA Filaments for 3D Pen-9 Meters,$0.70
789,Electrolytic Capacitor 50V 10uF,$0.09
790,Grove - Rotary Angle Sensor,$3.25
791,RPi 4B 8G Basic Kit-UK Plug(w RPI4B8G),$123.50
792,2021 PCB Connector Header (S) 4 Ways,$0.05
793,M4 Nut,$0.03
794,LCD with Pre-Soldered Header Pin - Green,$2.38
795,Right Angle Pin Header (Male) 2x40 Ways,$0.40
796,Wrapping Wire AWG30 1Roll (Blue),$4.50
797,Digital Thermostat Temperature Controller,$2.98
798,2561 PCB Connector Housing 2 Ways,$0.02
799,Raspberry Pi 4B 4GB Desktop Kit-EU Plug,$147.50
800,RPi Zero microB OTG to USB and Ethernet Hub,$10.48
801,Resistor 0.25W 5% (10M),$0.01
802,Electrolytic Capacitor 50V 10uF,$0.09
803,Grove - Rotary Angle Sensor,$3.25
804,JS40F Digital Distance Sensor (40cm),$19.25
805,PowerBoost 1000 Charger (1A 1000c),$23.75
806,Straight Female Header 2x10 Ways,$0.15
807,6V/4.5Ah Lead Acid,$6.25
808,Crystal H49S (Low Profile) 8MHz,$0.50 $0.03
809,Standalone USB MP3 Player Decoder Module,$2.23
810,3D Printer 1.75mm PLA Filament(Fluorescent Yellow),$17.25 $15.98
811,Bracket Holder for Raspberry Pi Camera Module,$1.23
812,Pro'skit Crimping Tool,$3.63
813,Electrolytic Capacitor 16V 220uF,$0.09
814,2600 PCB Connector Header (R/A) 2 Ways,$0.04
815,Servo Male - Female Extension Cable 30cm,$0.50
816,Micro USB OTG Adapter,$2.50
817,5 Inches Robot Wheel With 8mm Key Hub,$20.00
818,Vibration Sensor Switch (High Sensitive),$0.88
819,5 Inches Robot Wheel With 8mm Key Hub,$20.00
820,Vibration Sensor Switch (High Sensitive),$0.88
821,2020 PCB Connector Housing 3 Ways,$0.03 $0.02
822,SANWA Digital Multimeter,$39.75
823,Ready Stock: Creality Ender3 PRO 3D Printer DIY Kit (Unassembled),$278.75
824,Lithium Battery Voltage Indicator LED Display,$1.83
825,PCB PS 4x6inch,$0.80
826,Multilayer Capacitor 10pF,$0.04
827,IC LM324,$0.75
828,Grove - Air Quality Sensor v1.3,$11.25
829,Grove - Buzzer,$2.00
830,Terminal Block TB1506,$0.45
831,Pro'skit IC Extractor,$1.25
832,24V 148RPM 18kgfcm 45mm Planetary DC Geared Motor,$55.00
833,"10.1inch HDMI LCD (B) (with case), 1280x800, IPS",$132.50
834,Pro'skit Micro Cutting Plier,$6.25
835,"7inch HDMI LCD (B), 800x480, supports various systems",$60.00
836,Straight Turn Pin 40pin,$0.55
837,3961 PCB Connector Header(S) 2 Ways,$0.08
838,GrovePi+,$39.75
839,Microbit Quick Start Kit (without micro:bit),$9.75
840,1.5Amp 7V-25V DC Motor Driver (4 Channels),$31.25
841,Pro'skit 20W Hot Melt Glue Gun (7mm),$4.63
842,Tiny Phillips Screwdriver - 85mm,$0.25
843,1280 1/4W Resistor Kit 1 - 10MOhm (64 resistances),$10.88
844,Bolt M3x25mm,$0.04
845,MakerBot 3D Printer 12VDC 4010 Cooling Fan,$1.05
846,G 1/2 Water Flow Sensor,$14.00
847,Grove - Relay,$3.25
848,DIY Wooden Robotic Dinosaur (with Batteries),$3.00
849,Resistor 0.25W 5% (180R),$0.01
850,XBee 1mW Wire Antenna - Series 1,$27.25
851,AlphaBot2 robot building kit for Arduino (no Arduino controller),$62.50
852,Fish Eye Lense Raspberry Pi 5MP IR Camera,$12.25
853,12V 75RPM 3kgfcm Brushed DC Geared Motor with Encoder,$17.00
854,Breakout Board PS2 Connector,$2.25
855,3960 PCB Connector Housing 2 Ways,$0.03
856,3D Printer 1.75mm PLA Filament (Skin),$17.25 $15.98
857,Long Straight Turn Pin 40pin,$2.00 $0.50
858,B25 0 to 25V Voltage Sensor Module,$0.93
859,Shield L298P Motor Driver with GPIO,$6.63
860,DIY Wooden Plane DC Motor Propeller (w/o Battery),$2.63
861,Grove - Flame Sensor,$7.25
862,Plusivo BJT Transistors Assortment Kit,$4.75
863,Argon Neo Aluminum Case for Raspberry Pi 4B,$18.75
864,12V 75RPM 3kgfcm Brushed DC Geared Motor with Encoder,$17.00
865,Breakout Board PS2 Connector,$2.25
866,3960 PCB Connector Housing 2 Ways,$0.03
867,3D Printer 1.75mm PLA Filament (Skin),$17.25 $15.98
868,Long Straight Turn Pin 40pin,$2.00 $0.50
869,B25 0 to 25V Voltage Sensor Module,$0.93
870,Standard 3.2kg.cm Plastic Gears Analog Servo,$7.00
871,ESP01 250AC 10A Relay Module,$4.88
872,Voltage Regulator +9V,$0.25
873,2020 PCB Connector Housing 4 Ways,$0.04
874,Digispark Attiny85 USB-A Arduino Compatible,$2.23
875,NB-IoT SIM7000E HAT,$39.75
876,Resistor 0.25W 5% (220K),$0.01
877,LED 5mm Red Green (3pin),$0.13
878,Bolt M4x16mm,$0.05 $0.02
879,Songle Relay SRS 03VDC-SH,$0.50
880,Breakout 2020 connector 8 ways,$1.25 $0.23
881,Analog Piezoelectric Ceramic Vibration Module,$1.73
882,LM35 Analog Temperature Sensor Module,$2.03
883,Digispark Attiny85 USB-A Arduino Compatible,$2.23
884,NB-IoT SIM7000E HAT,$39.75
885,Resistor 0.25W 5% (220K),$0.01
886,LED 5mm Red Green (3pin),$0.13
887,Bolt M4x16mm,$0.05 $0.02
888,80mm Magnetic Door Lock,$17.50
889,Pin Header Sticker for Maker Uno,$0.45
890,Resistor 0.25W 5% (1K5),$0.01
891,PCB UV Board PP1530 (Kinsten),$7.50
892,Solar Charger Shield v2.2,$16.25
893,Silicon Wheel 64mm x 26mm (1 pair),$16.25
894,Terminal Pin For 3960,$0.05
895,UPS Power HAT for Raspberry Pi,$32.25
896,10 Ways Straight Box Header,$0.13
897,Cytron UNO (Arduino Compatible) IoT WiFi Kit-Temperature,$27.75
898,Solar Cell/Panel 3V 120mA (0.36W),$2.45
899,Terminal Pin For 3960,$0.05
900,UPS Power HAT for Raspberry Pi,$32.25
901,10 Ways Straight Box Header,$0.13
902,Cytron UNO (Arduino Compatible) IoT WiFi Kit-Temperature,$27.75
903,Solar Cell/Panel 3V 120mA (0.36W),$2.45
904,Seeeduino XIAO,$8.73
905,Relay Shield v3.0,$20.50
906,Inventor's Kit for the BBC micro:bit,$30.00
907,Spring Terminal 2 Ways (Side),$0.30
908,RGB Cooling HAT with fan and OLED for 4B/3B+/3B,$19.75
909,12V 405RPM 6.5kgfcm Planetary DC Geared Motor with Encoder,$62.50
910,Plusivo Potentiometer Assortment Kit,$4.75
911,INA219 High Side DC Current Sensor Breakout,$4.73
912,12V 225RPM 1.3kgfcm Brushed DC Geared Motor,$11.25
913,Straight 2mm Female Header 1x10 Ways,$0.25
914,Metal Key Hub - 10mm,$8.75
915,Raspberry Pi Retropie Game Kit,$68.75
916,Grove - Infrared Emitter,$4.13
917,12V 45RPM 9kgfcm Brushed DC Geared Motor,$13.75
918,Rocker Switch Big 4 Pins Green,$0.88
919,Solar Cell/Panel 5V 200mA (1W),$6.23
920,IC PIC18F4550,$7.50
921,1.2Amp 7V-30V DC Motor Driver Shield for Arduino (2 Channels),$18.75
922,Grove - RGB LED Stick (10 - WS2813 Mini),$5.25
923,Electrolytic Capacitor 50V 100uF,$0.11
924,Gigabit Ethernet Cable 5 meters,$3.23
925,Spring Terminal 3 Ways (Top),$0.40
926,Resistor 0.25W 5% (1K2),$0.01
927,2510 PCB Connector Housing 5 Ways,$0.04
928,Terminal Block TB1504,$0.30
929,U Joint,$3.25 $0.50
930,4xAA Battery Holder (Compact),$0.50
931,CH340 USB to TTL Serial Cable,$1.88
932,EcoDuino - An Auto Planting Kit,$64.75
933,Pro'skit Long Nose Plier,$4.63
934,434MHz RF Transceiver Module (UART)-100m,$6.25
935,Aluminum 25T Servo Horn Arm (Red),$1.23
936,Maker Object: Simplifying Object Sensor for Beginner,$12.25
937,Grove - Infrared Receiver,$4.13
938,Fluke 101 Multimeter,$49.75
939,"2.13inch E-Ink display HAT for Raspberry Pi, three-color",$20.00
940,Pro'skit Dual Wattage Soldering,$6.75
941,3D Printer 1.75mm PLA Filament (Rainbow),$22.25 $18.75
942,Resistor 0.25W 5% (680R),$0.01
943,Double Sided Donut Board 4x6cm - Green,$0.90
944,Electrolytic Capacitor 25V 330uF,$0.11 $0.02
945,Plusivo Wireless Super Starter Kit with ESP8266,$23.75
946,Serial Extension Cable,$2.50
947,HL8211 Push To On Button (Blue),$0.75
948,Zener Diodes 1/2W 3V3,$0.08
949,Kit-DIY Wooden Plane DC Motor Propeller with Batteries,$3.00
950,Electrolytic Capacitor 16V 47uF,$0.06
951,IC ULN2003,$0.50
952,Wrapping Wire AWG30 1Roll (Yellow),$4.50
953,JST RCY Receptacle with Wire 15cm,$0.50
954,Multilayer Capacitor 0.001uF,$0.04
955,M3 PCB Stand with Magnet - Female (13x12mm),$0.13
956,Electrolytic Capacitor 25V 47uF,$0.08
957,Electrolytic Capacitor 63V 22uF,$0.10 $0.02
958,IC Socket-18 pin,$0.10
959,Grove - RTC,$7.25
960,Diodes 1N5819,$0.20
961,2021 PCB Connector Header (S) 3 Ways,$0.04
962,"Edge Breakout for micro:bit, I/O Expansion",$10.00
963,2xAAA Battery Holder,$0.25
964,SA-6 6mm Pneumatic Flow Speed Control Valve,$1.13
965,Argon One Aluminum Multifunction Case for RPi 4B,$31.23 $28.75
966,DIY Proto HAT Shield,$5.00
967,Maker Mini Sumo Controller: Simplifying Sumo Robot for Beginner,$24.75
968,12V 75RPM 5.5kgfcm Brushed DC Geared Motor,$13.75
969,12V 22RPM 7kgfcm Brushed DC Geared Motor,$11.25
970,Screw Board Terminal Block-2 Ways,$0.25
971,ELECFREAKS Motor:bit for Micro:bit,$15.00
972,Optical Encoder kit for SPG10HP (Pair),$9.75
973,Carbon Monoxide Sensor,$12.25
974,BX-4112 Round Hole Bread Board,$7.00
975,Pro'skit Precision Hand Drill,$1.25
976,2 Channels Solid State Relay Module(Low Trigger),$3.73
977,Multiturn Preset 3296W 10K,$0.50
978,Electrolytic Capacitor 25V 470uF,$0.14
979,Aluminum Box (113x66x42.7mm) Silver,$8.75
980,micro:bit 2x40 Edge Connector (R/A),$3.75
981,Omron Limit Switch,$0.88
982,Mini Jumper With Tail,$0.08
983,MQ3 Alcohol Sensor Module,$2.10
984,Solar Charger Controller 10A (12V/24V),$21.25
985,Magnet Ring OD10mm x H3mm (ID3mm),$0.50
986,Book-20 Easy Raspberry Pi Projects,$21.83
987,IC 74LS08,$0.50
988,micro:bit Smart Home Kit (with micro:bit Junior),$74.98
989,Songle DPDT Relay SRC 05V,$0.88
990,0.9 to 5VDC USB Booster Module - Green,$0.75
991,12V 225RPM 1.3kgfcm Brushed DC Geared Motor with Encoder,$17.00
992,Aluminium Robot Chassis Complete Set,$24.75
993,Resistor 0.25W 5% (330K),$0.01
994,12V 150RPM 1.8kgfcm Brushed DC Geared Motor with Encoder,$17.00
995,Acrylic Case for Raspberry Pi 3A+ with Fan,$5.00
996,Rocker Switch with Wire-20CM,$0.63
997,PS2 Controller Starter Kit,$11.25
998,Pro'skit Diagonal Cutting Plier,$4.25
999,IC LM386,$0.75
1000,Fan Module with Propeller and L9110 Driver,$4.38
1001,Acrylic Case for Raspberry Pi 3A+ with Fan,$5.00
1002,Rocker Switch with Wire-20CM,$0.63
1003,PS2 Controller Starter Kit,$11.25
1004,Pro'skit Diagonal Cutting Plier,$4.25
1005,1xAA Battery Holder,$0.13
1006,Long Analog Distance Sensor (20-150cm),$9.75
1007,"2.7inch E-Ink display HAT for Raspberry Pi, three-color",$24.75
1008,Finger Adjust Preset 20K,$0.45
1009,L293D Shield for NodeMCU V2,$2.98
1010,DB9 Female,$0.20
1011,Log-scale Analog Light Sensor,$6.00
1012,Rotatable Connect,$1.00
1013,micro:bit basic game handle,$18.75
1014,Resistor 0.25W 5% (33K),$0.01
1015,Terminal Block TB1503,$0.23
1016,Electrolytic Capacitor 63V 330uF,$0.30 $0.03
1017,DB9 Cover,$0.20
1018,2510 PCB Connector Housing 6 Ways,$0.05
1019,12V 248RPM 10kgfcm Planetary DC Geared Motor with Encoder,$62.50
1020,TRRS 3.5mm Jack Breakout Board for Audio,$0.63
1021,Mega Proto Shield,$3.75
1022,USB 5V Boost to 12V 2.1mm DC Barrel,$3.48
1023,Sharp Optical Dust Sensor,$6.73
1024,Zener Diodes 1/2W 8V2,$0.08 $0.02
1025,Transistor IRF4905,$1.75
1026,18V 94RPM 255kgfcm High Power Planetary DC Geared Motor,$95.00
1027,Resistor 0.25W 5% (3K),$0.01
1028,Crystal H49S (Low Profile) 12MHz,$0.50 $0.03
1029,Grove - 16 x 2 LCD (White on Blue),$6.25
1030,RPi 4B 8G Basic Kit 7-UK Plug(w RPI4B8G),$118.75 $106.88
1031,Crystal H49U (Real Time Clock),$0.50
1032,Magnet Block Strong N52 30x10x5 mm,$9.88
1033,2600 PCB Connector Header(S) 5 Ways,$0.08
1034,BNC to 2 Crocodile Clip Oscilloscope Test Probe Leads (1m),$1.25
1035,Reed Switch Module,$1.00 $0.85
1036,DIP Switch(8Way),$0.60
1037,IC CD4511,$0.50
1038,12V 120RPM 18kgfcm Planetary DC Geared Motor with Encoder,$65.00
1039,XBEE Breakout Board,$1.25
1040,3D Printer 1.75mm PLA Filament (Bronze),$17.25 $13.73
1041,Upgraded Aluminum MK8 Extruder for Ender3,$11.25
1042,10.1 Inch IPS 1280x800 HDMI Screen,$82.50
1043,Thermoelectric 12706 Power Generator Peltier,$2.63
1044,USB Connector A Type Male,$0.25
1045,6 pins Toggle Switch,$0.75
1046,Spring Terminal 3 Ways (Side),$0.40
1047,PCB PS 6x8inch,$1.60
1048,Enclosure for Arduino Mega - Transparent,$3.73
1049,Electrolytic Capacitor 63V 47uF,$0.11 $0.02
1050,Resistor 0.25W 5% (6K8),$0.01
1051,Transistor TIP42C,$0.40
1052,6V 600RPM Medium Power DC Micro Metal Gearmotor,$4.63
1053,Long U-Joint,$3.75 $0.23
1054,Resistor 0.25W 5% (270R),$0.01
1055,Grove - Thumb Joystick,$6.25
1056,5 DOF IMU,$26.25
1057,Wire Clip,$0.75 $0.23
1058,Multilayer Capacitor 0.047uF,$0.04
1059,Spring Terminal 3 Ways (Side),$0.40
1060,PCB PS 6x8inch,$1.60
1061,Terminal Block TB1510,$0.75
1062,RPi 4B 8G Basic Kit 2-UK Plug(w RPI4B8G),$136.00
1063,Raspberry PI Compute Module 3+ 8G,$43.50
1064,12V 38RPM 5kgfcm Brushed DC Geared Motor,$11.25
1065,Grove - Vibration Sensor (SW-420),$2.75
1066,Micro Switch (Long Lever),$0.75
1067,6x3x1 Push Button,$0.13
1068,5VDC Inductive Proximity Sensor NPN NO,$3.73
1069,Flexible Bend Sensor 4.5 Inches,$24.50
1070,Robot. Head To Toe (Volume 11),$1.75
1071,64/80 Pin TQFP to DIP Adapter,$1.25 $0.23
1072,PKCELL Ultra Alkaline 9V Battery,$1.13
1073,DB9 Male,$0.20
1074,IC PIC18F4520,$7.50
1075,Digispark Attiny85 USB microB Arduino Compatible,$3.23
1076,Grove - Blue LED Button,$2.75
1077,IC PIC16F876A,$4.00
1078,Grove - PIR Motion Sensor,$10.00
1079,6x3x1 Push Button,$0.13
1080,Flexible Bend Sensor 4.5 Inches,$24.50
1081,Robot. Head To Toe (Volume 11),$1.75
1082,PKCELL Ultra Alkaline 9V Battery,$1.13
1083,64/80 Pin TQFP to DIP Adapter,$1.25 $0.23
1084,DB9 Male,$0.20
1085,Digispark Attiny85 USB microB Arduino Compatible,$3.23
1086,IC PIC18F4520,$7.50
1087,RPi 4B 8G Basic Kit 4-UK Plug(w RPI4B8G),$117.50
1088,LiPo Rechargeable Battery 11.1V 2200mAh 30C,$12.48
1089,Grove - Yellow LED Button,$2.75
1090,Pololu Ball Caster c/w Plastic Ball,$5.98 $2.48
1091,2600 PCB Connector Header(S) 6 Ways,$0.09
1092,12V 38RPM 5kgfcm Brushed DC Geared Motor with Encoder,$17.00
1093,Resistor 0.25W 5% (33R),$0.01
1094,Electrolytic Capacitor 16V 2200uF,$0.21
1095,AlphaBot2 robot kit for Raspberry Pi 3 (no Pi),$87.50
1096,Pro'skit 3.5X Handheld LED Light Magnifier,$3.50
1097,12V 16RPM 14kgfcm Brushed DC Geared Motor with Encoder,$17.00
1098,ElecFreaks micro:bit Smart Science IoT kit (without micro:bit),$73.75
1099,12V 38RPM 5kgfcm Brushed DC Geared Motor with Encoder,$17.00
1100,Resistor 0.25W 5% (33R),$0.01
1101,Electrolytic Capacitor 16V 2200uF,$0.21
1102,AlphaBot2 robot kit for Raspberry Pi 3 (no Pi),$87.50
1103,Pro'skit 3.5X Handheld LED Light Magnifier,$3.50
1104,12V 16RPM 14kgfcm Brushed DC Geared Motor with Encoder,$17.00
1105,ElecFreaks micro:bit Smart Science IoT kit (without micro:bit),$73.75
1106,Potential Meter 20K,$0.30
1107,Terminal Block TB1512,$0.90
1108,Grove - Finger-clip Heart Rate Sensor,$28.75
1109,Gravity: Analog Rotation Potentiometer,$8.75
1110,SiPEED MAiXDuino RISC-V AI IoT Kit,$32.25
1111,Resistor 0.25W 5% (47R),$0.01
1112,Potential Meter 50K,$0.30
1113,"ElecFreaks Basic:bit for micro:bit three way I/O expansion, mini version",$4.50
1114,Multilayer Capacitor 30pF,$0.04
1115,Resistor 0.25W 5% (2K7),$0.01
1116,IC ULN2803,$0.75
1117,Breakout board for PS/2 Socket,$2.00 $0.23
1118,Resistor 0.25W 5% (15K),$0.01
1119,SOIC/SSOP to DIP Adapter,$1.25
1120,3D Printer 1.75mm ABS Filament (Black),$14.75 $12.25
1121,Grove - Multi Color Flash LED (5mm),$2.00
1122,Resistor 0.25W 5% (15K),$0.01
1123,Transistor 2N3905,$0.15
1124,Breakout board for PS/2 Socket,$2.00 $0.23
1125,1W High Power LED Beads 6000K (Cool White),$0.35
1126,Solar Cell/Panel 3V 160mA (0.48W) Wire Soldered,$2.45
1127,PIC18F2520,$6.25 $3.13
1128,Servo Extension Wire to Male Dupont,$0.75
1129,KIttenbot ROBOTBIT V2.1,$24.75
1130,High Resolution Ultrasonic Range Finder,$36.25
1131,Breakout SOIC 8 Pins,$0.63
1132,1 Channel Solid State Relay Module(Low Trigger),$1.98
1133,6 Ways IDC Socket,$0.08 $0.02
1134,RPi 4B 8G Basic Kit 5-UK Plug(w RPI4B8G),$131.25
1135,Black Wings- 3.3v/5v Power Breadboard Adapter BDP,$3.13
1136,12V 63RPM 20kgfcm Planetary DC Geared Motor with Encoder,$65.00
1137,Inky pHAT - Yellow (ePaper/eInk/EPD),$26.25
1138,Switching Power Supply 12V 4.2A,$19.15
1139,1W High Power LED Beads 6000K (Cool White),$0.35
1140,Solar Cell/Panel 3V 160mA (0.48W) Wire Soldered,$2.45
1141,PIC18F2520,$6.25 $3.13
1142,Servo Extension Wire to Male Dupont,$0.75
1143,KIttenbot ROBOTBIT V2.1,$24.75
1144,High Resolution Ultrasonic Range Finder,$36.25
1145,DIP Switch(6Way),$0.45
1146,Standard 10kg.cm Metal Gears Analog Servo,$12.50
1147,40 Ways Straight Box Header,$0.50
1148,Inter Connect,$0.75
1149,Male to Male Extension Cable (L),$1.25 $0.23
1150,micro:bit Ring:bit Car V2 Kit (with micro:bit Junior),$45.10
1151,Ball Caster with 3/4 Inches Metal Ball,$3.63
1152,Grove Creator Kit - γ (40 Sensors in 1),$142.50
1153,5019 4 digit 7-segment TM1637 Module - White,$3.55
1154,Resistor 0.25W 5% (51R),$0.01
1155,6 Channel Servo Player,$70.00
1156,MG811 Carbon Dioxide CO2 Sensor Module,$49.75
1157,2022 PCB Connector Header (R/A) 3 Ways,$0.04 $0.02
1158,Natural Gas Sensor,$8.75
1159,608ZZ Ball Bearing for 3D Printer,$0.33
1160,PKCELL Heavy Duty AAA Battery (4pcs),$0.38
1161,2022 PCB Connector Header (R/A) 3 Ways,$0.04 $0.02
1162,Combustible Gas Sensor,$14.75
1163,Infrared Sensor,$12.25 $2.48
1164,ELECFREAKS micro:bit case - Black,$3.13
1165,18V 260RPM 92kgfcm High Power Planetary DC Geared Motor,$95.00
1166,BitMaker (without micro:bit),$12.25
1167,Crystal H49S (Low Profile) 11.0592MHz,$0.50 $0.03
1168,Resistor 0.25W 5% (1R),$0.01
1169,Songle Relay SRS 12VDC-SH,$0.50
1170,Wheel for Standard continues rotation servo,$1.75
1171,Book-Learn Robotics with Raspberry Pi,$21.83
1172,2 in 1 LiPo Battery Indicator and Alarm,$1.63
1173,2020 PCB Connector Housing 6 Ways,$0.06
1174,Cable for UIC00B,$0.50
1175,Pro'skit 11mm Hot Glue Stick (10pcs),$1.63
1176,12V 3000rpm DC Brushed Motor with Bracket,$18.00
1177,Transistor CS9013,$0.10
1178,6 Ways Straight Box Header,$0.08 $0.02
1179,PL6-01 L Shaped Pneumatic Fitting 6mm Male,$0.34
1180,Electrolytic Capacitor 16V 22uF,$0.05
1181,2600 PCB Connector Header(S) 8 Ways,$0.12
1182,Planetary Geared Motor Bracket (IG32E),$3.50
1183,XT60 Female Connector with 14AWG Silicon Wire,$1.25
1184,AR2000 Pneumatic Air Pressure Regulator,$3.13
1185,Super:bit expansion board for micro:bit,$23.75
1186,Adapter Board for Arduino & Raspberry Pi,$21.25
1187,716 3.7v 18000RPM Coreless Vibration Motor,$1.13
1188,Electrolytic Capacitor 50V 33uF,$0.09 $0.02
1189,PCB UV Board GS1525 (Kinsten),$9.88
1190,Resistor 0.25W 5% (12K),$0.01
1191,Germanium Diodes 1N60,$0.30
1192,LiPo Battery 7.4V 450mAH,$5.00
1193,360 Digital Servo(EF90D) with wheel and tire,$5.75
1194,IC DS1307,$2.00
1195,18V 680RPM 39kgfcm High Power Planetary DC Geared Motor,$95.00
1196,Rubber Wheel for TT Motor (63mmx15mm),$1.25
1197,2561 PCB Connector Housing 6 Ways,$0.05
1198,Electrolytic Capacitor 50V 0.47uF,$0.05
1199,Electrolytic Capacitor 16V 22uF,$0.05
1200,PCB GS 6x8inch,$3.38
1201,16 Ways Right Angle Box Header,$0.20 $0.02
1202,PCB GD 4x6inch,$2.18
1203,2510 PCB Connector Housing 8 Ways,$0.06
1204,12VDC Solenoid Pneumatic Valve - 5/2 Way,$9.23
1205,24V 1370RPM 2.5kgfcm 45mm Planetary DC Geared Motor,$55.00
1206,Straight Pin Header (Male) 3x40 Ways,$0.45
1207,Grove - Electricity Sensor,$6.25
1208,ElecFreaks Power:bit For micro:bit (powerbit),$5.00
1209,Tracking Module for ring:bit car v2,$5.38
1210,Grove - Hall Sensor,$6.25
1211,PKCELL Heavy Duty AA Battery (4pcs),$0.38
1212,Raspberry Pi High Quality Camera + 16mm Lens,$124.50
1213,2022 PCB Connector Header (R/A) 2 Ways,$0.03
1214,12V 28BYJ-48 Stepper Motor + ULN2003 Driver Board,$2.20
1215,Resistor 0.25W 5% (390R),$0.01
1216,Crystal H49S (Low Profile) 4MHz,$0.50
1217,Elecfreaks CAN-BUS Shield,$12.25
1218,Snapmaker Original 3 in 1 3D Printer,$974.75
1219,Resistor 0.25W 5% (5K6),$0.01
1220,PCB GS 6x8inch,$3.38
1221,16 Ways Right Angle Box Header,$0.20 $0.02
1222,PCB GD 4x6inch,$2.18
1223,2510 PCB Connector Housing 8 Ways,$0.06
1224,12VDC Solenoid Pneumatic Valve - 5/2 Way,$9.23
1225,24V 1370RPM 2.5kgfcm 45mm Planetary DC Geared Motor,$55.00
1226,Straight Pin Header (Male) 3x40 Ways,$0.45
1227,Grove - Electricity Sensor,$6.25
1228,24V 350RPM 8kgfcm 45mm Planetary DC Geared Motor,$55.00
1229,Wide U-Joint,$3.75 $0.23
1230,Resistor 0.25W 5% (300R),$0.01
1231,Electrolytic Capacitor 35V 3300uF,$0.75 $0.23
1232,Coupling For 2 Inches Transwheel,$6.25
1233,Multilayer Capacitor 0.022uF,$0.04
1234,PC6-01 6mm Pneumatic Male Straight Connector,$0.20
1235,PAJ7620U2 9 Gesture Recognition Sensor Module,$9.48
1236,6mm Key Hub for 60mm Mecanum Wheel,$6.25
1237,IC 74LS02,$0.50
1238,Mecanum wheel 64mm x 4,$42.25
1239,RPLiDAR A1M8 360 Degree Laser Scanner Kit - 12M Range,$112.50
1240,Resistor 0.25W 5% (300R),$0.01
1241,Electrolytic Capacitor 35V 3300uF,$0.75 $0.23
1242,Coupling For 2 Inches Transwheel,$6.25
1243,24V 350RPM 8kgfcm 45mm Planetary DC Geared Motor,$55.00
1244,Wide U-Joint,$3.75 $0.23
1245,Multilayer Capacitor 0.022uF,$0.04
1246,PC6-01 6mm Pneumatic Male Straight Connector,$0.20
1247,PAJ7620U2 9 Gesture Recognition Sensor Module,$9.48
1248,IC 74LS02,$0.50
1249,6mm Key Hub for 60mm Mecanum Wheel,$6.25
1250,Songle DPDT Relay SRC 24V,$0.88 $0.23
1251,Mecanum wheel 64mm x 4,$42.25
1252,IC 74LS04,$0.50
1253,IC 74LS86,$0.50
1254,Beam Joint,$1.50 $0.23
1255,2020 PCB Connector Housing 5 Ways,$0.05
1256,10mm Key Hub for 152mm Mecanum Wheel,$17.50
1257,"Pioneer600, Raspberry Pi Expansion Board",$32.50
1258,Resistor 0.25W 5% (130R),$0.01
1259,Electrolytic Capacitor 35V 3300uF,$0.75 $0.23
1260,Coupling For 2 Inches Transwheel,$6.25
1261,24V 350RPM 8kgfcm 45mm Planetary DC Geared Motor,$55.00
1262,Wide U-Joint,$3.75 $0.23
1263,Multilayer Capacitor 0.022uF,$0.04
1264,PC6-01 6mm Pneumatic Male Straight Connector,$0.20
1265,PAJ7620U2 9 Gesture Recognition Sensor Module,$9.48
1266,IC 74LS02,$0.50
1267,6mm Key Hub for 60mm Mecanum Wheel,$6.25
1268,Straight Female Header 2x13 Ways,$0.20
1269,Resistor 0.25W 5% (510R),$0.01
1270,40 Ways IDC Socket,$0.50
1271,2561 PCB Connector Housing 5 Ways,$0.04
1272,Songle SPDT Relay SRD 09V,$0.50
1273,Grove - MOSFET,$4.50
1274,Octopus PM2.5 module,$45.00
1275,DIY Wire Loop Circuit Detector (with Batteries),$2.13
1276,2561 PCB Connector Housing 9 Ways,$0.07 $0.02
1277,Castor,$2.25
1278,Potential Meter 500R,$0.30
1279,SG90 Micro RC Servo Acrylic Bracket,$0.35
1280,MAL16 Air Cylinder Mounting Bracket,$1.13
1281,"Raspberry Pi Micro-HDMI to Standard HDMI, 2m White",$11.25
1282,Electrolytic Capacitor 35V 100uF,$0.09
1283,MyoWare Muscle Sensor Development Kit,$105.00
1284,Dean T Female Connector with 14AWG Silicon Wire,$1.00
1285,Official Raspberry Pi A+ Case,$7.50
1286,625ZZ Ball Bearing for 3D Printer XYZ Axis,$0.35
1287,Grove Creator Kit - α (20 Sensors in 1),$55.00
1288,R300C 1.5V-6 9mm Shaft Miniature Motor with Wires,$0.48
1289,DB15 Cover,$0.33 $0.03
1290,LiPo Rechargeable Battery 22.2V 6000mAh 25C,$54.75
1291,M5 Nut,$0.05
1292,Push Button (Red) Panel Mount 10mm with Wire-20cm,$0.50
1293,PKCELL Ultra Alkaline AA Battery (4pcs),$0.75
1294,Resistor 0.25W 5% (8K2),$0.01
1295,Matrix Display (Red),$4.50
1296,"Compute Module IO Board Plus, for Raspberry Pi CM3, CM3L",$62.50
1297,MLX90614 Non-Contact Infrared Temperature Sensor,$31.25
1298,DB9 Female R/A,$0.45
1299,Resistor 0.25W 5% (510R),$0.01
1300,Grove - MOSFET,$4.50
1301,Octopus PM2.5 module,$45.00
1302,DIY Wire Loop Circuit Detector (with Batteries),$2.13
1303,2561 PCB Connector Housing 9 Ways,$0.07 $0.02
1304,Castor,$2.25
1305,Potential Meter 500R,$0.30
1306,SG90 Micro RC Servo Acrylic Bracket,$0.35
1307,MAL16 Air Cylinder Mounting Bracket,$1.13
1308,"Raspberry Pi Micro-HDMI to Standard HDMI, 2m White",$11.25
1309,Transistor CS9015,$0.10 $0.02
1310,"APDS9960 Proximity, Light, RGB, and Gesture Sensor",$5.63
1311,Solar Panel 18V 555mA (10W),$11.65
1312,Potential Meter 2K,$0.30
1313,Pro'skit Pro-Crimper Modular Tool,$7.75
1314,3D Printer 1.75mm PLA Silk Filament - Silver,$17.25 $16.39
1315,"Servo Driver for micro:bit, 16-Channel, 12-bit, I2C",$12.50
1316,PL6-M5 L Shaped Pneumatic Fitting 6mm Male,$0.34
1317,Electrolytic Capacitor 16V 330UF,$0.10
1318,Multilayer Capacitor 20pF,$0.04
1319,Raspberry Pi Relay Board v1.0,$31.25
1320,5V 1A Booster and Charger Power Bank Module,$0.60
1321,Metal Key Hub - 15mm,$8.75 $2.48
1322,1.8inch Colorful Display Module for micro:bit,$15.00
1323,Teensy 4.0 Controller Board,$31.25
1324,Wireless Charging Module 5V Couple-02,$6.25
1325,Octopus Soil Moisture Sensor Brick,$3.75
1326,Raspberry Pi Accessories Pack G,$56.25
1327,Quick Charge LiPo Battery HAT for Raspberry Pi,$23.75
1328,Potential Meter 1M,$0.30
1329,4xAAA Battery Holder (Compact),$0.50
1330,Electrolytic Capacitor 50V 4700uF,$1.93 $0.50
1331,LiPo Rechargeable Battery 11.1V 1100mAh 25C,$7.98
1332,Toggle Switch 6Pin,$1.58
1333,2561 PCB Connector Housing 7 Ways,$0.05 $0.02
1334,Electrolytic Capacitor 25V 220uF,$0.11
1335,Electrolytic Capacitor 63V 10uF,$0.10
1336,Pro'skit 60W Hot Melt Glue Gun (11mm),$8.00
1337,Voltage Regulator +15V,$0.25
1338,DB15 Female,$0.33 $0.03
1339,Songle DPDT Relay SRC 12V,$0.88
1340,Electrolytic Capacitor 50V 1000uF,$0.38
1341,mBot V1.1 - Blue (Bluetooth Version),$119.75
1342,ESP-WROOM-02 Wi-Fi Module,$3.75
1343,PL6-02 L Shaped Pneumatic Fitting 6mm Male,$0.34
1344,Silicon Case for BBC micro:bit (Red),$5.00
1345,Songle SPDT Relay SRD 24V,$0.50
1346,Zener Diodes 1/2W 18V,$0.08 $0.02
1347,3 Wire Geek Servo 360 degree Motor,$9.50
1348,Pro'skit 7 In 1 Tool,$5.88
1349,Grove - Barometer (High-Accuracy),$24.75
1350,Resistor 0.25W 5% (240R),$0.01
1351,2021 PCB Connector Header (S) 5 Ways,$0.06
1352,Bolt M5x10mm,$0.05
1353,ElecFreaks Experiment box for micro:bit (without micro:bit),$62.50
1354,Pro'skit All Purpose Snip,$5.00
1355,Magnet Disc Strong N45 OD:20mm x H:3mm,$4.75 $2.38
1356,603ZZ Ball Bearing for 3D Printer,$0.33
1357,Zener Diodes 1/2W 6V,$0.08
1358,IC 74LS00,$0.50
1359,Grove - Barometer (High-Accuracy),$24.75
1360,ElecFreaks Experiment box for micro:bit (without micro:bit),$62.50
1361,Pro'skit All Purpose Snip,$5.00
1362,Magnet Disc Strong N45 OD:20mm x H:3mm,$4.75 $2.38
1363,603ZZ Ball Bearing for 3D Printer,$0.33
1364,Zener Diodes 1/2W 6V,$0.08
1365,IC 74LS00,$0.50
1366,Button LED Red Module,$1.48
1367,MK II - Gripper With Servo,$33.75
1368,M5Stack Basic ESP32 Development Kit,$37.50
1369,PKCELL Ultra Alkaline AAA Battery (4pcs),$0.75
1370,Potential Meter 500K,$0.30
1371,Raspberry Pi High Quality Camera+6mm+16mm Lens,$154.25
1372,Flexible Removeable 3D Magnetic Pad Ender-3,$19.75
1373,Voltage Regulator +8V,$0.25
1374,3962 PCB Connector Header (R/A) 3 Ways,$0.15 $0.02
1375,VL53L0X V2 Laser ToF Distance Sensor Module,$6.25
1376,Multilayer Capacitor 220pF,$0.04
1377,Grove - Chainable RGB Led V2.0,$4.13
1378,Cable Cover and Management Sleeve 16mm 1 meter,$0.73
1379,Zener Diodes 1/2W 20V,$0.08 $0.02
1380,PS Controller Extension Cable,$3.75 $0.23
1381,ElecFreaks micro:bit Basic Kit (without micro:bit),$20.00
1382,M5StickC ESP32-PICO Mini IoT Development Kit,$21.25
1383,PCB GD 6x8inch,$3.88
1384,Servo Bracket (U Joint),$3.75
1385,SiPEED M1w Dock K210 RV64 AI Board,$30.00
1386,2021 PCB Connector Header (S) 6 Ways,$0.08
1387,IC Socket-6 pin,$0.05
1388,10-30VDC Inductive Proximity Sensor NPN NO,$2.73
1389,Vibration Sensor Module - 801S,$3.45
1390,TianQiu CR2032 3V Button Cell Battery,$0.25
1391,10 Ways IDC Socket,$0.13
1392,Resistor 0.25W 5% (2K4),$0.01
1393,3960 PCB Connector Housing 3 Ways,$0.05
1394,MQ137 Ammonia NH3 Gas Sensor Module,$39.75
1395,Omron Limit Switch,$0.88
1396,Transistor 2SC1815,$0.10
1397,1.8-inch 128x160 TFT LCD Breakout - ST7735,$6.13
1398,Grove Inventor Kit for micro:bit,$62.50
1399,2022 PCB Connector Header (R/A) 6 Ways,$0.08 $0.02
1400,Flexiforce Sensor (A201),$29.75
1401,Male to Female Extension Cable (S),$1.25 $0.23
1402,Grove - Chainable RGB Led V2.0,$4.13
1403,Cable Cover and Management Sleeve 16mm 1 meter,$0.73
1404,Multilayer Capacitor 220pF,$0.04
1405,MPL3115A2 I2C Barometric/Altitude/Temperature Sensor,$11.48
1406,Resistor 0.25W 5% (27K),$0.01
1407,Pololu Ball Caster c/w Plastic Ball,$4.48
1408,Multilayer Capacitor 820pF,$0.04 $0.02
1409,Grove Wrapper 1x1 Green (4 pcs),$2.45 $1.47
1410,HL8212 Push To Off Button (Red),$0.75
1411,Multilayer Capacitor 82pF,$0.04 $0.02
1412,Raspberry Pi 16mm Telephoto Lens (C Mount),$59.75
1413,Electrolytic Capacitor 50V 22uF,$0.09
1414,Multilayer Capacitor 120pF,$0.04 $0.02
1415,Straight Female Header 3x40 Ways,$0.90 $0.23
1416,Raspberry Pi Compute Module 3,$37.50
1417,"Mini Piano Module for micro:bit, Touch Keys to Play Music",$12.50
1418,MAL32x100 Mini Pneumatic Air Cylinder 100mm CA,$7.98
1419,Resistor 0.25W 5% (4R7),$0.01
1420,24V 5700RPM 108kgfcm AmpFlow DC Motor,$181.25
1421,Grove - LCD RGB Backlight,$13.75
1422,LiPo Battery Fireproof Safety Bag - 4x3S,$4.88
1423,Solar Cell/Panel 12V 250mA (3W) with Wires,$7.48
1424,Electrolytic Capacitor 50V 22uF,$0.09
1425,Multilayer Capacitor 120pF,$0.04 $0.02
1426,Raspberry Pi 16mm Telephoto Lens (C Mount),$59.75
1427,Straight Female Header 3x40 Ways,$0.90 $0.23
1428,Raspberry Pi Compute Module 3,$37.50
1429,"Mini Piano Module for micro:bit, Touch Keys to Play Music",$12.50
1430,Right Angle Pin Header (Male) 3x40 Ways,$0.60
1431,MAL32x100 Mini Pneumatic Air Cylinder 100mm CA,$7.98
1432,Grove Wrapper 2x1 Yellow (4 pcs),$2.45 $1.47
1433,Resistor 0.25W 5% (7K5),$0.01
1434,IC 74HC138N,$0.38
1435,3xAAA Battery Holder,$0.38
1436,PB6-01 6mm Pneumatic T Male Push In Fit,$0.43
1437,0.96-inch 160x80 IPS LCD Breakout - ST7735,$4.20
1438,Resistor 0.25W 5% (56K),$0.01
1439,Multiturn Preset 3296W 1K,$0.50
1440,2GT Timing Belt 20 Teeth 5mm Pulley,$1.10
1441,26 Ways Straight Box Header,$0.33 $0.03
1442,Mecanum wheel 152mm (RIGHT),$62.50
1443,Pro'skit Fine Tip Straight Tweezer,$2.88
1444,8 Channels Solid State Relay Module(Low Trigger),$13.23
1445,micro:servo 360 degrees digital servo for micro:bit,$5.00
1446,Resistor 0.25W 5% (4R7),$0.01
1447,DB25 Male,$0.45
1448,24V 5700RPM 108kgfcm AmpFlow DC Motor,$181.25
1449,Grove - LCD RGB Backlight,$13.75
1450,LiPo Battery Fireproof Safety Bag - 4x3S,$4.88
1451,Solar Cell/Panel 12V 250mA (3W) with Wires,$7.48
1452,Preset 1K,$0.13
1453,10K Ohm Linear Slide POT Module with Knob,$1.95
1454,Tamiya Ball Castor (2pcs),$5.75
1455,Stainless Steel Nylon Lock Hex Nut M3,$0.05
1456,20 Ways Right Angle Box Header,$0.25 $0.03
1457,2510 PCB Connector Housing 10 Ways,$0.08
1458,DB25 Cover,$0.33
1459,Google AIY Voice Kit for Raspberry Pi V2,$89.75
1460,10 Ways Right Angle Box Header,$0.13
1461,DB25 Female,$0.45
1462,Electrolytic Capacitor 50V 2.2uF,$0.05
1463,RJ45 Network Connector (Male),$0.10
1464,12V 1400RPM 2kgfcm Planetary DC Geared Motor with Encoder,$57.50
1465,Raspberry Pi 1 Model A+ (512MB),$29.75
1466,Pro'skit UTP or STP Cable Stripper,$3.13
1467,Tamiya Ball Castor (2pcs),$5.75
1468,Preset 1K,$0.13
1469,10K Ohm Linear Slide POT Module with Knob,$1.95
1470,20 Ways Right Angle Box Header,$0.25 $0.03
1471,Stainless Steel Nylon Lock Hex Nut M3,$0.05
1472,DB25 Cover,$0.33
1473,2510 PCB Connector Housing 10 Ways,$0.08
1474,IC MAX232,$1.25
1475,2600 PCB Connector Header(S) 14 Ways,$0.21 $0.02
1476,Robot. Head To Toe (Volume 4),$1.75
1477,Teensy 3.2 Controller Board,$30.00
1478,2600 PCB Connector Header (R/A) 5 Ways,$0.10
1479,Toggle Swith 3 Pins R/A,$1.13
1480,Wireless Charging Module Couple 12V,$6.25
1481,605ZZ Ball Bearing for 3D Printer,$0.33
1482,Resistor 0.25W 5% (56R),$0.01
1483,PiJuice HAT with Battery,$67.25
1484,BX-4123 Round Hole Bread Board,$18.38
1485,Resistor 0.25W 5% (68K),$0.01
1486,Mifare Reader/Writer CR038,$46.25
1487,Grove - Red LED,$2.00
1488,Resistor 0.25W 5% (75R),$0.01
1489,Multilayer Capacitor 390pF,$0.04 $0.02
1490,Kit - Dot Matrix Clock with NTP Server using ESP32,$18.48
1491,Multiturn Preset 3296W 100K,$0.50
1492,Resistor 0.25W 5% (3K9),$0.01
1493,320 x 240 TFT Touchscreen Module,$49.00
1494,LiPo Rechargeable Battery 11.1V 1800mAh 25C,$11.48
1495,PKCELL CR2025 3V Button Cell Battery (1pcs),$0.15
1496,RPi 4B 8G Basic Kit 7-EU Plug(w RPI4B8G),$118.75 $106.88
1497,Multilayer Capacitor 0.0082uF,$0.04 $0.02
1498,Male to Male Extension Cable (S),$1.25 $0.23
1499,Grove - Switch(P),$3.25
1500,Resistor 0.25W 5% (360R),$0.01
1501,DB25 Female R/A,$0.63
1502,Electrolytic Capacitor 16V 4700UF,$0.45
1503,Electrolytic Capacitor 35V 470uF,$0.19
1504,M5Stack Fire ESP32 Development Kit,$62.50
1505,SunLu 3D Printing Pen with PCL filament - Blue,$28.75
1506,3D Printer 1.75mm ABS Filament (Red),$14.75 $12.25
1507,IC 74LS73,$0.45
1508,Adapter Joint,$1.00
1509,Grove Beginner Kit for Arduino,$31.25
1510,PC6-M5 6mm Pneumatic Male Straight Connector,$0.20
1511,RPi 4B Basic Kit UK Plug - Acrylic Case (w/o Raspberry Pi),$31.50
1512,Resistor 0.25W 5% (68R),$0.01
1513,Electrolytic Capacitor 50V 470uF,$0.28
1514,Output Connect,$0.25
1515,GrovePi+ Starter Kit for Raspberry Pi,$134.98
1516,DFRobot CurieNano - A mini Arduino 101,$48.75 $19.08
1517,Resistor 0.25W 5% (110K),$0.01
1518,SK6812 Self Adhesive 30 LED Bare Strip-1M,$4.48
1519,M5StickV K210 AI Camera (Without Wifi),$36.25
1520,Transistor BC558,$0.13
1521,Multilayer Capacitor 0.0022uF,$0.04
1522,Grove - LED Bar v2.0,$4.13
1523,Grove - Magnetic Switch,$3.25
1524,Resistor 0.25W 5% (360R),$0.01
1525,DB25 Female R/A,$0.63
1526,Electrolytic Capacitor 16V 4700UF,$0.45
1527,Electrolytic Capacitor 35V 470uF,$0.19
1528,Grove - Infrared Reflective Sensor v1.2,$6.25
1529,Grove - Blue LED,$2.00
1530,Grove - Switch(P),$3.25
1531,IC 74LS73,$0.45
1532,M5Stack Fire ESP32 Development Kit,$62.50
1533,SunLu 3D Printing Pen with PCL filament - Blue,$28.75
1534,3D Printer 1.75mm ABS Filament (Red),$14.75 $12.25
1535,Resistor 0.25W 5% (68R),$0.01
1536,Electrolytic Capacitor 50V 470uF,$0.28
1537,Adapter Joint,$1.00
1538,Grove Beginner Kit for Arduino,$31.25
1539,2600 PCB Connector Header(S) 12 Ways,$0.18 $0.02
1540,PS Connector (Female),$0.75
1541,Preset 5K,$0.13
1542,AlphaBot2 robot kit for Raspberry Pi Zero/Zero W (no Pi),$97.50
1543,Arduino Micro - Atmega32U4,$24.75
1544,Resistor 0.25W 5% (43R),$0.01
1545,Resistor 0.25W 5% (1K8),$0.01
1546,micro:bit Smart Cutebot (without micro:bit),$32.50
1547,M5StickV K210 AI Camera (Without Wifi),$36.25
1548,LCD (8x2),$5.00
1549,2600 PCB Connector Header (R/A) 6 Ways,$0.12
1550,SAFT LS14250 3.6V 1200mAh Battery (Tab),$2.98 $2.38
1551,Wind Speed Anemometer NPN Output - Arduino Compatible,$29.75
1552,Raspberry Pi High Quality Camera + 6mm Lens,$89.50
1553,Slim Wheel for G15,$3.75
1554,Electrolytic Capacitor 50V 47uF,$0.10
1555,ME-8108 Adjustable Roller Arm Limit Switch,$2.23
1556,JSumo Silicone Wheel Set (26mm x 22mm),$19.00
1557,3961 PCB Connector Header(S) 3 Ways,$0.11
1558,PB6-M5 6mm Pneumatic T Male Push In Fit,$0.33
1559,2561 PCB Connector Housing 12 Ways,$0.09
1560,12V 430RPM 1kgfcm 32mm Planetary DC Geared Motor with Encoder,$45.00
1561,Spider:bit compatible with LEGO (without micro:bit),$49.75
1562,Gigabit PoE 48V 0.5A Adapter/Injector,$20.75
1563,Resistor 0.25W 5% (300K ),$0.01
1564,2600 PCB Connector Header(S) 10 Ways,$0.15
1565,Bolt M3x4mm,$0.01
1566,: Move Mini Buggy Kit,$43.75
1567,PV6 6mm L Type Elbow Fitting Pneumatic Hose,$0.16
1568,26 Ways Right Angle Box Header,$0.33 $0.03
1569,Electrolytic Capacitor 16V 33uF,$0.05
1570,IC 74LS164,$0.50
1571,12V 170RPM 2.7kgfcm 32mm Planetary DC Geared Motor with Encoder,$47.50
1572,Graphic LCD Shield V2,$27.00
1573,SAFT LS14250 3.6V 1200mAh Battery (Tab),$2.98 $2.38
1574,Wind Speed Anemometer NPN Output - Arduino Compatible,$29.75
1575,Raspberry Pi High Quality Camera + 6mm Lens,$89.50
1576,LCD (8x2),$5.00
1577,2600 PCB Connector Header (R/A) 6 Ways,$0.12
1578,Slim Wheel for G15,$3.75
1579,3961 PCB Connector Header(S) 3 Ways,$0.11
1580,5V 1A Buck Converter 6.5-40VDC Input,$3.58
1581,3D Printer 1.75mm PLA Dark Glow Filament - Orange,$17.25 $13.73
1582,3962 PCB Connector Header (R/A) 2 Ways,$0.10
1583,Raspberry Pi 4B 4GB Wireless Computer Kit-UK Plug,$124.75
1584,3D Printer 1.75mm PLA Dark Glow Filament - Yellow,$17.25 $13.73
1585,Multilayer Capacitor 150pF,$0.04
1586,12V Linear Actuator 100mm Stroke,$38.50
1587,3S 11.1V LiPo Battery USB 5V 500mA Balance Charger,$6.13
1588,IC 74LS11,$0.40
1589,Transistor TIP2955,$1.08
1590,DB37 Male,$0.63 $0.03
1591,"True color RGB LED HAT (8x8) for Raspberry Pi, colorful display",$18.75
1592,30 Ways Straight Box Header,$0.38 $0.03
1593,Transistor CS9012,$0.10
1594,IC 74LS14,$0.50
1595,Pro'skit Mini Digital Clamp Meter,$33.75
1596,Grove - Button,$2.00
1597,RPi 4B 8G Basic Kit 5-EU Plug(w RPI4B8G),$131.25
1598,PU6 6mm Union Straight Fitting,$0.15
1599,ElecFreaks micro:bit Tinker Kit (without micro:bit),$50.00
1600,Sparkfun Inventor's Kit - V4.0,$105.00
1601,Resistor 0.25W 5% (27R),$0.01
1602,Resistor 0.25W 5% (5K1),$0.01
1603,12V 60RPM 6.7kgfcm 32mm Planetary DC Geared Motor with Encoder,$50.00
1604,RPi 4B 8G Basic Kit 5-EU Plug(w RPI4B8G),$131.25
1605,Coupling For 4 Inches Transwheel,$11.25
1606,PU6 6mm Union Straight Fitting,$0.15
1607,Resistor 0.25W 5% (39K),$0.01
1608,Touch Sensor,$12.25 $2.48
1609,PKCELL NiMH Rechargeable AA 2000mAh Battery (4 Pcs),$6.25
1610,Transistor BC556,$0.13
1611,ZIP Halo for the BBC micro:bit,$18.13
1612,MAL32x200 Mini Pneumatic Air Cylinder 200mm CA,$10.50
1613,24VDC Solenoid Pneumatic Valve - 5/2 Way,$9.23
1614,LiPo Rechargeable Battery 7.4V 2600mAh 25C,$14.38
1615,2xAA Battery Holder - Swiss Knife Switch,$0.38
1616,DB9 Male R/A,$0.45
1617,Resistor 0.25W 5% (22M),$0.01
1618,Raspberry Pi RS232 Board v1.0,$15.00
1619,TTGO T-Journal ESP32 OV2640 Camera SMA Antenna Module,$18.75
1620,RPi 4B 8G Basic Kit 2-EU Plug(w RPI4B8G),$136.00
1621,Resistor 0.25W 5% (560K),$0.01
1622,Pro'skit Electrical kit,$48.00
1623,16 Ways IDC Socket,$0.20
1624,Grove - Vibration Motor,$3.25
1625,30 Ways IDC Socket,$0.38 $0.03
1626,Robot Arm Building Block (w/o micro:bit),$87.50
1627,Multiturn Preset 3296W 100R,$0.50
1628,Electrolytic Capacitor 50V 0.22uF,$0.05
1629,Transistor IRFZ48N,$1.75
1630,BB1 Midi Sumo Robot Kit (No Electronics),$297.50
1631,2GT Timing Belt 16 Teeth 5mm Pulley,$1.10
1632,PKCELL CR2016 3V Button Cell Battery (1pcs),$0.15
1633,DB37 Female,$0.63 $0.03
1634,Multilayer Capacitor 470pF,$0.04
1635,ElecFreaks micro:bit Tinker Kit (without micro:bit),$50.00
1636,Pro'skit Analog Multimeter,$19.75
1637,Multilayer Capacitor 0.015uF,$0.04
1638,Resistor 0.25W 5% (27R),$0.01
1639,Multilayer Capacitor 470pF,$0.04
1640,2GT Timing Belt 16 Teeth 5mm Pulley,$1.10
1641,PKCELL CR2016 3V Button Cell Battery (1pcs),$0.15
1642,Panasonic (SUNX) Photoelectric Sensor,$60.00
1643,Multiturn Preset 3296W 5K,$0.50
1644,Grove - NFC,$21.25
1645,24V 5600RPM 52.05kgfcm AmpFlow DC Motor,$137.50
1646,12V 1140RPM 0.5kgfcm 32mm Planetary DC Geared Motor with Encoder,$43.75
1647,Elecfreaks Arduino Starter Kit (Absolute Beginner),$62.50
1648,Sigfox Shield for Arduino,$72.50
1649,Silicon Case for BBC micro:bit (L. Blue),$5.00
1650,Stepper Motor Flexible Coupling 6mmx10mm,$1.48
1651,LiPo Battery Fireproof Charging Bag - 23x30,$7.00
1652,Pro'skit Hand Held Digital Clamp Meter,$18.75
1653,624ZZ Ball Bearing for 3D Printer XYZ Axis,$0.35
1654,8MP Sony IMX219 Camera Module for Raspberry Pi,$79.75
1655,Resistor 0.25W 5% (200R),$0.01
1656,Resistor 0.25W 5% (5M1),$0.01
1657,Tamiya Truck Tire Set,$5.50
1658,Electrolytic Capacitor 50V 220uF,$0.16
1659,PIC32MX250F128B-I/SP,$6.25 $2.48
1660,BNC Adapter Board for Analog Discovery,$30.00
1661,Resistor 0.25W 5% (82K),$0.01
1662,8-Channel RC RX Multiplexer,$10.00
1663,FlySky 3 Channels RC Radio Transmitter and Receiver,$47.50
1664,2022 PCB Connector Header (R/A) 7 Ways,$0.09 $0.02
1665,Breakout LCD(8x2),$2.00 $0.50
1666,PY6 Pneumatic Union 6mm Y Host Push In Fitting,$0.23
1667,Regulated Power Supply Unit (30V5A),$100.00
1668,Panasonic (SUNX) Photoelectric Sensor,$60.00
1669,Multiturn Preset 3296W 5K,$0.50
1670,Grove - NFC,$21.25
1671,24V 5600RPM 52.05kgfcm AmpFlow DC Motor,$137.50
1672,12V 1140RPM 0.5kgfcm 32mm Planetary DC Geared Motor with Encoder,$43.75
1673,Elecfreaks Arduino Starter Kit (Absolute Beginner),$62.50
1674,Sigfox Shield for Arduino,$72.50
1675,Silicon Case for BBC micro:bit (L. Blue),$5.00
1676,Stepper Motor Flexible Coupling 6mmx10mm,$1.48
1677,LiPo Battery Fireproof Charging Bag - 23x30,$7.00
1678,Pro'skit Hand Held Digital Clamp Meter,$18.75
1679,624ZZ Ball Bearing for 3D Printer XYZ Axis,$0.35
1680,8MP Sony IMX219 Camera Module for Raspberry Pi,$79.75
1681,Resistor 0.25W 5% (200R),$0.01
1682,Resistor 0.25W 5% (5M1),$0.01
1683,Tamiya Truck Tire Set,$5.50
1684,Electrolytic Capacitor 50V 220uF,$0.16
1685,IC Socket-28 pin(wide),$0.14
1686,Raspberry Pi 6mm Wide Angle Lens (CS Mount),$29.75
1687,Pro'skit 7 In 1 Tool,$5.88
1688,Electrolytic Capacitor 50V 3.3uF,$0.05
1689,Multilayer Capacitor 0.0047uF,$0.04
1690,Arduino UNO WiFi Rev2.0 Dev Board,$54.75
1691,Resistor 0.25W 5% (510K),$0.01
1692,Matrix Display (Red and Green),$5.63
1693,34 Ways Right Angle Box Header,$0.43 $0.03
1694,2600 PCB Connector Header(S) 16 Ways,$0.24
1695,5019 4 digit 7-segment TM1637 Module - Yellow,$3.55
1696,WS2812B NeoPixel 8x32 LED Panel-256 LED,$27.25
1697,2021 PCB Connector Header (S) 8 Ways,$0.10
1698,Resistor 0.25W 5% (4M7),$0.01
1699,Foot Plate,$3.00 $0.50
1700,Raspberry Pi Compute Module 3 Lite,$32.25
1701,30 ways Right Angle Box Header,$0.38 $0.03
1702,2510 PCB Connector Housing 12 Ways,$0.09
1703,Resistor 0.25W 5% (510K),$0.01
1704,Matrix Display (Red and Green),$5.63
1705,34 Ways Right Angle Box Header,$0.43 $0.03
1706,2600 PCB Connector Header(S) 16 Ways,$0.24
1707,5019 4 digit 7-segment TM1637 Module - Yellow,$3.55
1708,WS2812B NeoPixel 8x32 LED Panel-256 LED,$27.25
1709,2021 PCB Connector Header (S) 8 Ways,$0.10
1710,Resistor 0.25W 5% (4M7),$0.01
1711,604ZZ Ball Bearing for 3D Printer,$0.33
1712,1.54 inch E-Ink Raw Display Panel,$9.75
1713,WS2812B NeoPixel 8x8 LED Panel-64 LED,$12.48
1714,Transistor 2SA1015,$0.10
1715,Resistor 0.25W 5% (75K),$0.01
1716,20 Ways IDC Socket,$0.25
1717,Wireless Charging Module Couple 3.3V,$6.25
1718,Maker UNO Learning Box (w/o Maker UNO),$8.23
1719,Flexible Joint,$3.75
1720,Digilent Analog Discovery 2,$312.50
1721,Grove Creator Kit - β (30 Sensors in 1),$97.50
1722,2x2S 7.4V LiPo Battery USB 5V Balance Charger,$5.73
1723,Electrolytic Capacitor 50V 2200uF,$0.95
1724,Foot Plate,$3.00 $0.50
1725,Raspberry Pi Compute Module 3 Lite,$32.25
1726,30 ways Right Angle Box Header,$0.38 $0.03
1727,2510 PCB Connector Housing 12 Ways,$0.09
1728,Resistor 0.25W 5% (510K),$0.01
1729,Matrix Display (Red and Green),$5.63
1730,34 Ways Right Angle Box Header,$0.43 $0.03
1731,2600 PCB Connector Header(S) 16 Ways,$0.24
1732,5019 4 digit 7-segment TM1637 Module - Yellow,$3.55
1733,WS2812B NeoPixel 8x32 LED Panel-256 LED,$27.25
1734,2021 PCB Connector Header (S) 8 Ways,$0.10
1735,Resistor 0.25W 5% (4M7),$0.01
1736,604ZZ Ball Bearing for 3D Printer,$0.33
1737,1.54 inch E-Ink Raw Display Panel,$9.75
1738,WS2812B NeoPixel 8x8 LED Panel-64 LED,$12.48
1739,2020 PCB Connector Housing 7 Ways,$0.07 $0.02
1740,Multilayer Capacitor 47pF,$0.04
1741,LiPo Rechargeable Battery 11.1V 2200mAh 60C,$18.98
1742,2020 PCB Connector Housing 8 Ways,$0.08
1743,PG6-4 Union Straight Reducer Push In Fitting,$0.23
1744,IC 74HC374N,$0.40
1745,Silicon Case for BBC micro:bit (Yellow),$5.00
1746,IC 74LS27,$0.40
1747,Stainless Steel Nylon Lock Hex Nut M4,$0.08
1748,Resistor 5W 5% 5R1,$0.15
1749,Electrolytic Capacitor 35V 220uF,$0.15
1750,Grove All In One Beginner Kit for Arduino,$36.25
1751,Resistor 0.25W 5% (360K),$0.01
1752,IC 74LS173,$0.65
1753,RPi 4B 8G Basic Kit-EU Plug(w RPI4B8G),$123.50
1754,Resistor 0.25W 5% (24K),$0.01
1755,2510 PCB Connector Housing 16 Ways,$0.12
1756,IC 74LS42,$0.85
1757,Ozobot Starter Pack,$83.75
1758,M5Stack ATOM Matrix ESP32 Development Kit,$14.88
1759,Silicon Case for BBC micro:bit (Yellow),$5.00
1760,Stainless Steel Nylon Lock Hex Nut M4,$0.08
1761,Resistor 5W 5% 5R1,$0.15
1762,Electrolytic Capacitor 35V 220uF,$0.15
1763,IC 74LS173,$0.65
1764,Grove All In One Beginner Kit for Arduino,$36.25
1765,Resistor 0.25W 5% (360K),$0.01
1766,Resistor 0.25W 5% (24K),$0.01
1767,RPi 4B 8G Basic Kit-EU Plug(w RPI4B8G),$123.50
1768,IC 74LS42,$0.85
1769,2510 PCB Connector Housing 16 Ways,$0.12
1770,IC 74HC4075N,$0.48
1771,Ozobot Starter Pack,$83.75
1772,M5Stack ATOM Matrix ESP32 Development Kit,$14.88
1773,IO Board with PoE for Raspberry Pi Compute Module,$49.50
1774,Resistor 0.25W 5% (620K),$0.01
1775,Potential Meter 250K,$0.30
1776,IC 74LS148,$0.58
1777,M30 Inductive Proximity Sensor,$28.88
1778,WS2812B NeoPixel LED Stick - 8 LED,$1.63
1779,IC 74LS83,$0.98
1780,100mm Double Plastic Plate Omni Wheel,$50.00
1781,Wireless Charging Module Couple 9V,$6.25
1782,Resistor 0.25W 5% (2R7),$0.01
1783,Resistor 0.25W 5% (13R),$0.01
1784,IC 74HC564N,$1.28
1785,2022 PCB Connector Header (R/A) 5 Ways,$0.06
1786,2600 PCB Connector Header (R/A) 14 Ways,$0.28 $0.03
1787,26.4V 2.8Ohm 15W Shunt Regulator,$7.00
1788,PCF6-02 6mm Push In Fitting Female Straight Connector,$0.65
1789,IC PIC 16F819,$4.00
1790,2600 PCB Connector Header (R/A) 16 Ways,$0.32
1791,2S 7.4V LiPo Battery USB 5V 1A Fast Balance Charger,$5.73
1792,Resistor 0.25W 5% (82R),$0.01
1793,Resistor 0.25W 5% (2M),$0.01
1794,Pro'skit Super Drill Set,$51.25
1795,Wrapping Wire AWG30 1Roll (White),$4.50
1796,DB15 (VGA) Female,$0.50
1797,Electrolytic Capacitor 25V 33uF,$0.06
1798,IC 74HC7046AN,$3.10
1799,Resistor 0.25W 5% (750R),$0.01
1800,DB15 (VGA) Female,$0.50
1801,Electrolytic Capacitor 25V 33uF,$0.06
1802,IC 74HC7046AN,$3.10
1803,Resistor 0.25W 5% (1R5),$0.01
1804,Resistor 0.25W 5% (2M2),$0.01
1805,Electrolytic Capacitor 63V 1000uF,$0.56
1806,Bare Conductive PI CAP,$71.25
1807,Resistor 0.25W 5% (1R8),$0.01
1808,Resistor 0.25W 5% (2M7),$0.01
1809,Pro'skit Bent Nose Plier,$4.98
1810,Raspberry Pi 4B 8GB Desktop Kit-UK Plug,$169.75 $152.78
1811,Rotary Encoder B-106-23983,$87.50
1812,Resistor 0.25W 5% (2R),$0.01
1813,Resistor 0.25W 5% (5R1),$0.01
1814,IC HT12D,$1.13
1815,Transistor CS9014,$0.10
1816,Resistor 0.25W 5% (6K2),$0.01
1817,IC 74LS151,$0.75
1818,24V 680RPM 887kgfcm AmpFlow DC Motor with Speed Reducer,$468.75
1819,IC 74LS374,$0.53
1820,IC 74LS01,$0.50
1821,IC 74LS241,$0.73
1822,Resistor 0.25W 5% (62R),$0.01
1823,Resistor 0.25W 5% (680K),$0.01
1824,IC 74LS245,$0.45
1825,Resistor 0.25W 5% (5M6),$0.01
1826,Sphero Mini: App-Controlled Robotic Ball,$70.00
1827,Resistor 0.25W 5% (820K),$0.01
1828,5 Inches Robot Wheel With 15mm Key Hub,$20.00
1829,Resistor 0.25W 5% (3R),$0.01
1830,Pro'skit Personal Computer Tool Kit,$70.75
1831,3D Printer Closed Loop Timing Belt 2GT-110mm,$1.23
1832,SK6812 NeoPixel Addressable LED Ring-24 LED,$5.48
1833,DIY Hot Air Rotating Lantern,$1.38
1834,Resistor 0.25W 5% (16R),$0.01
1835,PCF6-04 6mm Push In Fitting Female Straight Connector,$1.10
1836,3D Printer Closed Loop Timing Belt 2GT-610mm,$2.23
1837,Resistor 0.25W 5% (3R6),$0.01
1838,PIC18F2550,$6.25
1839,IC 74LS07,$0.50
1840,IC dsPIC30F4013,$10.00
1841,BitMaker Lite (without micro:bit),$9.75
1842,SK6812 144 LED Strip Silicone Jacket-1M,$22.48
1843,Resistor 0.25W 5% (3R9),$0.01
1844,Resistor 0.25W 5% (750R),$0.01
1845,DB15 (VGA) Female,$0.50
1846,Electrolytic Capacitor 25V 33uF,$0.06
1847,IC 74HC7046AN,$3.10
1848,Boson Starter Kit for micro:bit,$99.75
1849,DIY Wooden Pneumatic Horse,$1.88
1850,Resistor 0.25W 5% (1R5),$0.01
1851,Resistor 0.25W 5% (2M2),$0.01
1852,Electrolytic Capacitor 63V 1000uF,$0.56
1853,Bare Conductive PI CAP,$71.25
1854,Resistor 0.25W 5% (1R8),$0.01
1855,Resistor 0.25W 5% (2M7),$0.01
1856,Rotary Encoder B-106-23983,$87.50
1857,Resistor 0.25W 5% (2R),$0.01
1858,Resistor 0.25W 5% (5R1),$0.01
1859,IC 74LS07,$0.50
1860,IC dsPIC30F4013,$10.00
1861,BitMaker Lite (without micro:bit),$9.75
1862,SK6812 144 LED Strip Silicone Jacket-1M,$22.48
1863,Resistor 0.25W 5% (4R3),$0.01
1864,Resistor 0.25W 5% (24R),$0.01
1865,Digilent Digital Discovery,$230.00
1866,IC 74HC85N,$0.88
1867,IC 74HC9115N,$2.20
1868,Dobot Magician - Advanced Educational,"$1,875.00"
1869,Raspberry Pi 4B 8GB Desktop Kit-EU Plug,$169.75 $152.78
1870,Resistor 0.25W 5% (3M3),$0.01
1871,IC 74LS145,$0.73
1872,IC 74HC173N,$0.83
1873,Analog Parts Kit for Analog Discovery,$100.00
1874,Resistor 0.25W 5% (5R6),$0.01
1875,Resistor 0.25W 5% (1K3),$0.01
1876,Resistor 0.25W 5% (36K),$0.01
1877,IC 74HC125N,$0.30
1878,HOKUYO URG Laser Range Finder 4m (New),"$1,130.50"
1879,Resistor 0.25W 5% (7R5),$0.01
1880,IC 74HC4024N,$0.75
1881,Resistor 0.25W 5% (8R2),$0.01
1882,IC 74HC573N,$0.40
1883,IC 74LS38,$0.70
1884,IC 74LS175,$0.53
1885,M12 Inductive Proximity Sensor,$21.75
1886,Mi Node - Development Kit For micro:bit,$71.25
1887,Resistor 0.25W 5% (62K),$0.01
1888,PB6-04 6mm Pneumatic T Male Push In Fit,$0.78
1889,IC 74HC153N,$0.60
1890,Arty Z7 SoC Zynq-7000 Development Board,$300.00
1891,FlySky 3 Channels RC Receiver (Compatible with FS-GT3B),$11.25
1892,BitCar (Without micro:bit),$31.25
1893,IC 74LS373,$0.90
1894,Resistor 0.25W 5% (6M8),$0.01
1895,IC 74HC563N,$1.28
1896,DIY Simple Magnetic DC Motor (w Batteries),$2.25
1897,RPi 4B Basic Kit 5-UK Plug (w/o Raspberry Pi),$31.25 $29.69
1898,IC 74HC161N,$0.58
1899,PB6-04 6mm Pneumatic T Male Push In Fit,$0.78
1900,Arty Z7 SoC Zynq-7000 Development Board,$300.00
1901,IC 74HC153N,$0.60
1902,FlySky 3 Channels RC Receiver (Compatible with FS-GT3B),$11.25
1903,BitCar (Without micro:bit),$31.25
1904,IC 74LS373,$0.90
1905,Resistor 0.25W 5% (6M8),$0.01
1906,IC 74HC563N,$1.28
1907,SANWA Analog Multimeter,$40.00
1908,DIY Simple Magnetic DC Motor (w Batteries),$2.25
1909,RPi 4B Basic Kit 5-UK Plug (w/o Raspberry Pi),$31.25 $29.69
1910,IC 74HC161N,$0.58
1911,Transistor BC546,$0.10
1912,IC 74HC640N,$1.18
1913,RPLIDAR A2M8 - The Thinest LIDAR,$412.50
1914,IC 74HC688N,$1.28
1915,Digilent Nexys Video Artix-7 FPGA,$600.00
1916,IC 74HCT221N,$1.33
1917,IC 74HC4040N,$0.55
1918,SICK Fiber Optic,$22.75
1919,IC ISD1790,$13.75
1920,Digilent Nexys Video Artix-7 FPGA,$600.00
1921,IC 74HC27N,$0.41
1922,IC 74HC237N,$0.55
1923,IC 74LS132,$0.45
1924,IC 74HCT9046AN,$5.00
1925,Arty Artix-7 FPGA Development Board,$174.75
1926,IC 74LS137,$0.68
1927,Cmod A7: Breadboardable Artix-7 FPGA,$95.00
1928,IC 74LS123,$0.50
1929,Single Spacer,$0.38
1930,Creality Ender 3/PRO Endstop Switch Module,$2.38
1931,IC 74LS244,$0.63
1932,IC L293,$2.75
1933,Stainless Steel Nylon Lock Hex Nut M2.5,$0.05
1934,Creality Ender 3/PRO Motherboard V1.1.4,$39.75
1935,Resistor 0.25W 5% (6R2),$0.01
1936,IC 74HC126N,$0.38
1937,IC L298 (Vertical),$5.00
1938,IC 74LS153,$0.63
1939,Electrolytic Capacitor 35V 4700uF,$1.25
1940,IC 74HC423N,$1.20
1941,Low Profile Aluminum Case for Raspberry Pi 4B,$29.88 $23.90
1942,Raspberry Pi 4B Basic Kit 3 UK Plug (w/o Raspberry Pi),$35.00
1943,IC 74LS03,$0.50
1944,IC 74LS280,$0.85
1945,IC 74HC5555N,$3.00
1946,13.2V 1.5Ohm 15W Shunt Regulator,$7.00
1947,IC 74HC157N,$0.60
1948,IC 74HC75N,$0.65
1949,8 Inches Pneumatic Wheel,$26.25
1950,ALPS Sensor Network Module,$116.25
1951,Raspberry Pi 4 Model B Beginner Kit (w/o Raspberry Pi),$42.48
1952,Microbit Quick Start Kit School Package (Buy 10 Get 1 Free),$275.00 $247.50
1953,IC 74HCT03N,$0.48
1954,IC 74LS06,$0.50
1955,IC 74LS92,$1.13
1956,Kit - Colourful Bed Lamp Using Tilt Sensor with Maker UNO,$12.13
1957,DIY Magnet Swing Kit (w Batteries),$3.13
1958,Panasonic (SUNX) Photoelectric Sensor,$56.25
1959,Tracked Mobile Tank Robot Kit,$700.00
1960,IC 74HCT221N,$1.33
1961,IC 74HC4040N,$0.55
1962,SICK Fiber Optic,$22.75
1963,IC 74LS125,$0.30
1964,IC ISD1790,$13.75
1965,Digilent Nexys Video Artix-7 FPGA,$600.00
1966,IC 74HC27N,$0.41
1967,IC 74HC237N,$0.55
1968,IC 74LS132,$0.45
1969,IC 74HCT9046AN,$5.00
1970,Arty Artix-7 FPGA Development Board,$174.75
1971,IC 74LS137,$0.68
1972,Cmod A7: Breadboardable Artix-7 FPGA,$95.00
1973,Creality Ender 3/PRO Endstop Switch Module,$2.38
1974,IC 74LS123,$0.50
1975,Single Spacer,$0.38
1976,Robot. Head To Toe (Volume 1),$1.75
1977,M12 Capacitive Proximity Sensor,$49.50
1978,rero Basic Set,$212.50
1979,Digilent Virtex-7 FPGA Development Board,"$8,000.00"
1980,Robot. Head To Toe (Volume 2),$1.75
1981,Hokuyo Digital Fiber Sensor (Red LED),$90.00
1982,PCB Ruler by Cytron (Limited edition),$5.00
1983,RPI4B Heatsink with Fan for CPU and RAM,$8.13
1984,IC PT2272-M4,$1.25
1985,IC 74LS30,$0.35
1986,Robot. Head To Toe (Volume 3),$1.75
1987,RPi 4B Basic Kit 4-EU Plug (w/o Raspberry Pi),$30.25
1988,GPS Evaluation Board,$38.75 $11.78
1989,Arduino Mega ADK-Main Board,$57.50
1990,10mm Rectangular Inductive Sensor,$21.75
1991,IC 74HC365N,$1.05
1992,Robot. Head To Toe (Volume 5),$1.75
1993,IC 74HCT4059N,$6.25
1994,M8 Inductive Proximity Sensor,$25.13
1995,Raspberry Pi 4B Basic Kit UK Plug (w/o Raspberry Pi),$32.50
1996,IC 74HC147N,$0.58
1997,IC LM3914,$2.35
1998,SUNX Digital Fiber Sensor (Red LED),$112.50
1999,Digilent NetFPGA-1G-CML Kintex-7 FPGA,"$1,975.00"
2000,RPi 4B 8G Core Kit-EU Plug(w RPI4B8G),$112.50
2001,IC 74HC163N,$0.55
2002,IC 74HC137N,$0.80
2003,IC 74HC7014N,$2.50
2004,SICK Digital Fiber Sensor (Green LED),$250.00
2005,GWInstek DC Power Supply (3 Channel),$487.50
2006,BitPlayer (Without micro:bit),$24.75
2007,Raspberry Pi 4B 2GB Desktop Kit-EU Plug,$124.75 $112.28
2008,BitWearable Kit (Without micro:bit),$18.75
2009,Raspberry Pi 4B 2GB Desktop Kit-UK Plug,$124.75 $112.28
2010,IC 74LS10,$0.40
2011,Genesys2 Kintex-7 FPGA Development Board,"$1,575.00"
2012,RPi 4B 8G Basic Kit 6-UK Plug(w RPI4B8G),$141.25
2013,IC 74HC160N,$0.90
2014,micro:bit Jet Mole Kit (without micro:bit),$42.50
2015,RPi 4B 8G Basic Kit 6-EU Plug(w RPI4B8G),$141.25
2016,IC 74HC241N,$0.58
2017,IC OP07,$0.75
2018,IC 74LS20,$0.30
2019,RPi 4B 8G Core Kit-EU Plug(w RPI4B8G),$112.50
2020,IC 74HC163N,$0.55
2021,IC 74HC137N,$0.80
2022,IC 74HC7014N,$2.50
2023,SICK Digital Fiber Sensor (Green LED),$250.00
2024,rero Standard Set,$450.00
2025,Basys 3 Artix-7 FPGA Board,$187.50
2026,Digilent NetFPGA-1G-CML Kintex-7 FPGA,"$1,975.00"
2027,BitPlayer (Without micro:bit),$24.75
2028,Raspberry Pi 4B 2GB Desktop Kit-EU Plug,$124.75 $112.28
2029,GWInstek DC Power Supply (3 Channel),$487.50
2030,BitWearable Kit (Without micro:bit),$18.75
2031,Raspberry Pi 4B 2GB Desktop Kit-UK Plug,$124.75 $112.28
2032,IC 74LS10,$0.40
2033,RPi 4B 8G Basic Kit 6-UK Plug(w RPI4B8G),$141.25
2034,IC 74HC160N,$0.90
2035,Genesys2 Kintex-7 FPGA Development Board,"$1,575.00"
2036,micro:bit Jet Mole Kit (without micro:bit),$42.50
2037,RPi 4B 8G Basic Kit 6-EU Plug(w RPI4B8G),$141.25
2038,IC 74HC241N,$0.58
2039,Maker UNO X Learning Box - School Bundle 1 (10 sets),$164.75
2040,IC 74HC147N,$0.58
2041,IC LM3914,$2.35
2042,SUNX Digital Fiber Sensor (Red LED),$112.50
2043,Robot. Head To Toe (Volume 8),$1.75
2044,Maker UNO X Learning Box - School Bundle 2 (20 sets),$329.50
2045,Zener Diodes 1/2W 6V8,$0.08
2046,IC 74LS47,$1.15
2047,Using Multi PWM Chip,$35.00
2048,Robot. Head To Toe (Volume 10),$1.75
2049,Arduino Due,$43.75
2050,4WD Outdoor Mobile Platform,$950.00
2051,GW Instek 70MHz 2-Ch Digital Oscilloscope,$570.00
2052,TF02 PRO - IP65 LiDAR Rangefinder (40m),$96.25
2053,Raspberry Pi 4B Basic Kit EU Plug (w/o Raspberry Pi),$31.25
2054,Maker UNO X Learning Box - School Bundle 3 (40 sets),$659.00
2055,IC PIC18F2685,$11.25
